"GeneName"	"log2FC"	"pvalue"	"padj"
"ABCA2"	"0.855480550198906"	"0.0085148695837603"	"0.16683067440649"
"ABCB9"	"-1.18746833568759"	"0.000131978142782557"	"0.0159871267897431"
"ABCC2"	"-1.76170455141051"	"0.000292664103307801"	"0.0253951706746121"
"ABHD11"	"1.16318187986923"	"0.00142614441421974"	"0.0649369108446802"
"ABHD14B"	"0.969196290332456"	"0.000250290473190691"	"0.0237345593645923"
"ABL1"	"0.534674828471043"	"0.00319186927670882"	"0.0964207771539048"
"ABLIM2"	"1.08095480514592"	"0.000157933182366739"	"0.0175850911552063"
"ACAA1"	"1.14193380732877"	"0.00658534583596227"	"0.145108742581343"
"ACAA2"	"1.50886761802081"	"0.000939170671616883"	"0.0516010715732909"
"ACACB"	"-1.12753924353651"	"6.97057040710806e-05"	"0.0111017363116751"
"ACADS"	"0.951734291718856"	"0.00395795129080291"	"0.10873131690149"
"ACE2"	"1.24067209999673"	"0.00842744964988035"	"0.165711687054586"
"ACSS2"	"1.09399077953847"	"0.000605932009139841"	"0.041433894233682"
"ACTR1B"	"0.71561976181371"	"0.00757860503413886"	"0.157870875065455"
"ACVRL1"	"1.54311698619596"	"0.000712249731206108"	"0.0451716234573982"
"ADAL"	"-0.591628532053183"	"0.000314999717395909"	"0.0262471949952009"
"ADAM15"	"1.09431609953906"	"5.31912897641782e-05"	"0.009560754397327"
"ADAM19"	"-2.21081577792647"	"0.00466974197423636"	"0.119662846553949"
"ADAMTS7"	"-1.04249407181336"	"0.00590460498611163"	"0.135285341901523"
"ADCK1"	"0.766103460742094"	"0.000729185254788826"	"0.0455825663381387"
"ADCK3"	"0.99001743961222"	"0.00344773689980178"	"0.0999954135389993"
"ADRA2A"	"1.86633593331041"	"0.000285203590084149"	"0.0251350151988742"
"AFAP1-AS1"	"-1.83966987208777"	"0.000186923827489158"	"0.0199311491310897"
"AGA"	"-1.67197427126902"	"0.000784021580229012"	"0.0469311544150143"
"AKIRIN1"	"-0.641032633708688"	"0.00231311760133121"	"0.0838721776943783"
"AKR1B10"	"2.92653069789526"	"0.00514429768836355"	"0.125497945568908"
"ALDH1A3"	"-3.94339329140555"	"1.4201858171541e-05"	"0.0040117145653171"
"ALDH1B1"	"1.34260196444448"	"0.000443469396994015"	"0.0342314843741024"
"ALG14"	"0.847578881767797"	"0.000746304932892749"	"0.0455825663381387"
"ALG3"	"0.762429351761577"	"0.0120096259988952"	"0.198822518839604"
"ALOX5AP"	"-1.50476360908467"	"0.00542859055050267"	"0.129570061957135"
"ALS2"	"-1.09259320548771"	"0.00741735167330129"	"0.157134096424532"
"AMMECR1L"	"-0.409969961644388"	"0.00439646892183167"	"0.115860989187845"
"ANKRD54"	"0.566505699506071"	"0.00921170720948085"	"0.176142401382505"
"ANXA13"	"1.67855878833592"	"0.00789430841188789"	"0.160721987764358"
"ANXA2R"	"-1.30293134190452"	"0.00299261342140595"	"0.09366433350281"
"ANXA5"	"-1.2272502898053"	"0.00293848155611875"	"0.092672586501824"
"AOAH"	"1.28900385116665"	"0.000691110263743593"	"0.0445925607098559"
"AP1S2"	"-2.57665509236795"	"1.66738252593745e-05"	"0.00428142998802959"
"APLP1"	"-2.07614542062933"	"0.00026537716766872"	"0.0242298138293591"
"APLP2"	"-0.917476908736555"	"0.00994731856549767"	"0.184054650281017"
"APOBEC3C"	"-1.59453253430171"	"0.0113028074917624"	"0.194505303474948"
"APOBEC3F"	"-1.22489342014845"	"0.00405992259746193"	"0.110090401123418"
"APOBEC3G"	"-3.05988859549842"	"0.000309296031218562"	"0.026117870233503"
"APOO"	"-0.69872387429663"	"0.00437641339848448"	"0.115680742394394"
"ARHGAP12"	"-0.736641405876114"	"0.00766129816945394"	"0.159066755062821"
"ARHGDIG"	"1.86353134003875"	"7.80127695343452e-05"	"0.0115829690761857"
"ARHGEF16"	"0.697145297777066"	"0.00748079190576178"	"0.157134096424532"
"ARL4C"	"-2.27861816839796"	"3.32764373549296e-05"	"0.00721869197930558"
"ARMCX3"	"-1.34626072973145"	"0.00487713847708691"	"0.121387242178522"
"ARSJ"	"-1.61207998181089"	"0.00440362990361738"	"0.115860989187845"
"ASB4"	"-2.03794514026595"	"0.00486845384370741"	"0.121387242178522"
"ASCC1"	"-0.703114050374398"	"0.000305275710838367"	"0.0259525607687049"
"ASGR1"	"-0.857567456778934"	"0.0106898294973892"	"0.190466777434095"
"ASL"	"0.994377479164955"	"0.00775094646292587"	"0.159681103825668"
"ASS1"	"1.54567683053661"	"0.0107478650413937"	"0.191002313489853"
"ATP10B"	"2.50342671564542"	"0.000259038624286077"	"0.0241140388212294"
"ATP5E"	"-2.17590270242607"	"0.0116389222349341"	"0.19630150075059"
"ATP5G1"	"0.709522924153784"	"0.000725886298851441"	"0.0455825663381387"
"ATP6V0E2-AS1"	"-1.03635840467215"	"0.00533454114379809"	"0.128334984075081"
"ATP7B"	"1.15046441413381"	"0.00260843649920857"	"0.0868388898714659"
"ATP8A1"	"0.9859812755575"	"0.00622161209804894"	"0.140197925988626"
"ATP8B1"	"1.62963127854857"	"1.38379910364982e-06"	"0.00108818502013263"
"ATPAF1"	"0.546477574166454"	"0.00260295244166742"	"0.0868388898714659"
"ATXN1"	"-0.874775078100389"	"0.0112127457579472"	"0.194087688189083"
"AUH"	"0.678754850258819"	"0.00747819237736934"	"0.157134096424532"
"AUTS2"	"1.09842314449321"	"0.00655012808047312"	"0.145108742581343"
"B3GNT7"	"-0.750018586568719"	"0.00155206026973477"	"0.0678056330340377"
"B4GALT2"	"0.582685046703944"	"0.00247741936090717"	"0.0857890817492225"
"B4GALT5"	"-1.59682285966984"	"1.2821367713718e-05"	"0.00387607040669821"
"BCAT2"	"0.802392861847171"	"0.00226315529941947"	"0.0827762208642319"
"BCKDHB"	"1.00254342061031"	"0.00250230910962488"	"0.0857890817492225"
"BDH1"	"0.635238071965411"	"0.00842914319781711"	"0.165711687054586"
"BHLHE41"	"-0.945937840980569"	"0.0112133822100448"	"0.194087688189083"
"BMP2"	"0.788913846960603"	"0.00473629769383776"	"0.119662846553949"
"BPHL"	"0.657730645579676"	"0.00902183026918675"	"0.173037604339798"
"BST2"	"-3.83547919792542"	"2.07984027040814e-05"	"0.00476472858985775"
"BTBD16"	"-2.28758554574443"	"0.000248801859670704"	"0.0237345593645923"
"BTN3A2"	"0.978501515495662"	"0.00561232460083209"	"0.131939491253012"
"C11orf70"	"-0.9652001975073"	"0.00238702395293109"	"0.0848014122164671"
"C11orf74"	"-0.985311353977708"	"0.00375160862066053"	"0.106552459740747"
"C15orf41"	"-0.675351070902409"	"0.00184071403199964"	"0.0742303331750625"
"C15orf48"	"2.87423232035161"	"2.69240395681227e-07"	"0.000307962059860109"
"C15orf57"	"0.550744222990716"	"0.0101492722945232"	"0.184920516651671"
"C17orf75"	"-0.675660386661029"	"0.00211562589231219"	"0.0794817679254453"
"C1orf106"	"1.17915519691311"	"0.00241597743359752"	"0.0850736819964339"
"C1orf233"	"1.01108970519296"	"0.00385049825271154"	"0.10814055583843"
"C2CD4B"	"0.647993719111143"	"0.00942243439848054"	"0.177653569853101"
"C2orf88"	"1.70908698668675"	"8.11225418033683e-06"	"0.00340227940323327"
"C5orf34"	"-0.679235634366054"	"0.00543737026811057"	"0.129570061957135"
"C6orf223"	"1.30575952492841"	"0.00179918347204552"	"0.0734978131340154"
"C9orf152"	"2.00006912652398"	"0.00205611286957571"	"0.0786607062261927"
"C9orf64"	"-0.847464319395797"	"0.000746178589646079"	"0.0455825663381387"
"CA11"	"-0.867377672782554"	"0.0117088332642134"	"0.196689639693369"
"CA5B"	"-0.490355145503339"	"0.0119864655130823"	"0.198700538979712"
"CA8"	"1.41618633271692"	"0.00699075977494081"	"0.151525345571395"
"CAB39L"	"1.51301362236135"	"0.00485960874724263"	"0.121387242178522"
"CADPS"	"1.38185836452686"	"0.00197568955489611"	"0.0782834338073789"
"CALB2"	"-1.78069332144797"	"0.00119053417239117"	"0.0594605200854"
"CALML4"	"1.4280785406959"	"0.0065793741790309"	"0.145108742581343"
"CALU"	"-0.792668153878634"	"0.001734477061283"	"0.0718628637768664"
"CAMK2N2"	"-1.0559040739673"	"0.00930955965828512"	"0.177301574362285"
"CAMSAP2"	"-0.841397807966235"	"0.00709883966983383"	"0.153203431776757"
"CAPN15"	"0.669990782256494"	"0.00140514114013456"	"0.0649369108446802"
"CAPN5"	"1.08715179830779"	"0.00661873262468713"	"0.145108742581343"
"CAPN8"	"1.31894736637747"	"0.00639411108448471"	"0.143661974401762"
"CAPRIN2"	"-1.29309182745134"	"0.00822183071134703"	"0.164462756772923"
"CATSPER1"	"-0.923670999755901"	"0.0111687612351873"	"0.194087688189083"
"CAV1"	"-1.63994791996471"	"0.00276206662174797"	"0.0891562651588405"
"CBL"	"-0.685187783071889"	"0.000568994507876539"	"0.0402484231086724"
"CC2D2A"	"-0.797653527890051"	"0.000852399253267631"	"0.0487844292665376"
"CCDC113"	"1.0020375519067"	"0.0027070153090977"	"0.0889286334701495"
"CCDC15"	"-0.776674339366387"	"0.00216292954468619"	"0.0803234412000083"
"CCDC170"	"0.983821313623421"	"0.00294619572410822"	"0.092672586501824"
"CCDC88A"	"-1.5383724362092"	"0.000371690937626372"	"0.0295988315013609"
"CCDC94"	"0.703025296639213"	"0.0082708736155124"	"0.164919384834195"
"CCL20"	"2.47287004584579"	"0.000122663995352431"	"0.0153817295278423"
"CD109"	"-1.89418168404778"	"0.000401377014984308"	"0.0314456885180511"
"CD74"	"-2.14422061779838"	"5.53934651974438e-05"	"0.00981634618470758"
"CDC42EP5"	"2.01492065753542"	"0.00205776209876143"	"0.0786607062261927"
"CDHR1"	"1.1564024025603"	"0.00588158392135718"	"0.135050592020997"
"CDKN2A"	"-2.77677457285385"	"9.39232759498546e-06"	"0.003581038357579"
"CDKN2B"	"-1.23967315922463"	"0.0117691923324133"	"0.196914864263863"
"CDKN2D"	"-0.675307983072675"	"0.00318530719035261"	"0.0964207771539048"
"CDX2"	"1.9598297763547"	"0.00456606872135761"	"0.118018649997826"
"CENPBD1"	"-1.08745680300083"	"0.00143431069948071"	"0.0649369108446802"
"CEP170"	"-0.620286179422392"	"0.00430976530536789"	"0.114399719561474"
"CES2"	"1.24481669105859"	"0.0032488373296426"	"0.0970947061319792"
"CES4A"	"0.675225796017904"	"0.00338563708590438"	"0.099697081238758"
"CFL2"	"-1.36083733961472"	"0.00571863762781942"	"0.133441141188497"
"CFTR"	"2.18156798213292"	"0.000118092040716396"	"0.0150084248110474"
"CGNL1"	"-1.35315177676225"	"0.00025277626409596"	"0.0237345593645923"
"CGREF1"	"1.62139236391279"	"1.09131231824763e-05"	"0.00361578639484634"
"CHD6"	"-0.786450735901273"	"0.00243234317197379"	"0.0850736819964339"
"CHERP"	"0.383551281797314"	"0.00976605989612651"	"0.182039356463798"
"CHP2"	"1.72482249327006"	"0.000897598855666862"	"0.0498157044156936"
"CHST15"	"-2.31174562642903"	"0.000149548587808019"	"0.0172616218839093"
"CISD3"	"0.713956837108417"	"0.0104881907974366"	"0.188248811146003"
"CISH"	"0.618638493580884"	"0.00806605135470388"	"0.163177399981299"
"CLASP1"	"-0.581845523708669"	"0.00722140373118678"	"0.155050685573024"
"CLCF1"	"-0.935852660150051"	"3.58026849369107e-06"	"0.00214509229464862"
"CLCN4"	"-1.17925279736004"	"8.42762295171135e-05"	"0.0119141968515092"
"CLDN3"	"1.82004034433301"	"0.00464151706872962"	"0.1191827913444"
"CLIP1"	"-0.583522306335108"	"0.00901644893141463"	"0.173037604339798"
"CLMP"	"-1.39683331357855"	"0.00815836271424369"	"0.163713747481043"
"CLUH"	"0.894189478038458"	"0.000512334813670553"	"0.0376970562900755"
"CLYBL"	"1.11537121653709"	"0.00175198633198551"	"0.0722737443575136"
"CNDP2"	"0.778063176217223"	"0.0045766160652038"	"0.118018649997826"
"CNEP1R1"	"-0.463030089208998"	"0.00342524650830539"	"0.0999917669779547"
"CNTLN"	"-0.669121351829405"	"0.00943193329056361"	"0.177653569853101"
"CNTNAP1"	"-1.38536751767263"	"0.00546540633953065"	"0.129746684082971"
"COA3"	"0.544595686288188"	"0.0103535773143872"	"0.186759114992944"
"COG2"	"0.649278506235178"	"0.00142806123018772"	"0.0649369108446802"
"COL4A2"	"1.31185564844599"	"0.0034197682405237"	"0.0999917669779547"
"CORO1A"	"1.8590054629791"	"0.00319624673031281"	"0.0964207771539048"
"CPS1"	"2.75413761333619"	"2.50833918021314e-06"	"0.00166104860870746"
"CRABP2"	"-4.26383547498885"	"1.11580927794941e-05"	"0.00361578639484634"
"CRIM1"	"-1.84417296857261"	"0.00674822548451594"	"0.147151079802738"
"CRIP2"	"-2.39079509566534"	"0.00234216477943856"	"0.08441779440356"
"CRYAB"	"-1.90712718884478"	"0.000862780838062086"	"0.0491199479841501"
"CRYL1"	"1.53062204106003"	"7.49565961058386e-05"	"0.0115012669780934"
"CSGALNACT2"	"-0.812035780571962"	"0.000103460039123701"	"0.01355973137765"
"CSNK1G2"	"0.486790382325268"	"0.00202689194832672"	"0.0786086068053663"
"CSRNP2"	"-0.651950321840577"	"0.00333609110933326"	"0.0987639960885438"
"CST7"	"-2.8379219334172"	"0.000986397537246371"	"0.0534950595415252"
"CTDP1"	"0.610873095033256"	"0.00460877077116059"	"0.118583954688635"
"CTSF"	"1.45688940865261"	"0.0109244329833025"	"0.191970971781999"
"CTSV"	"-1.43203655982946"	"0.000252140608071382"	"0.0237345593645923"
"CUEDC1"	"-1.81783723900348"	"5.90777933903957e-05"	"0.00991089061917278"
"CXCL2"	"1.45515586256291"	"0.0095502973205206"	"0.179614111938401"
"CXorf57"	"-1.15793628448291"	"0.010106163016223"	"0.184624316553758"
"CXXC1"	"0.885845685185109"	"5.19152224502316e-06"	"0.00272165553695339"
"CYP27A1"	"-1.63972846402139"	"0.00339138060484728"	"0.099697081238758"
"CYP4X1"	"1.7128877638764"	"0.000124807842076034"	"0.0153954144019673"
"CYP51A1"	"0.968173618704626"	"0.00167964485976177"	"0.0706799051020821"
"CYR61"	"-1.61016916272892"	"0.00581345600300396"	"0.133965024596696"
"CYTIP"	"0.973976042482689"	"0.00319058473536423"	"0.0964207771539048"
"DAB2"	"-1.56944592349196"	"0.0117435725775527"	"0.196770139985347"
"DAPK2"	"0.89909499073162"	"0.00879001930029172"	"0.169886363803795"
"DCBLD2"	"-2.34795675195482"	"7.5756089273735e-10"	"2.38290778810534e-06"
"DDAH1"	"1.61485124169965"	"0.00158491015870625"	"0.0685269402640621"
"DDIT3"	"-1.66271739554667"	"5.83154328634623e-05"	"0.00991089061917278"
"DDIT4"	"-1.47953442451145"	"0.00773572970474672"	"0.159681103825668"
"DDIT4L"	"0.983640979279463"	"0.00803072241518458"	"0.162971853915891"
"DDX3Y"	"0.942955166172977"	"0.0093881002074188"	"0.177653569853101"
"DEFA6"	"1.88353512216643"	"0.000714445483072822"	"0.0451716234573982"
"DEGS2"	"2.33491607762647"	"2.27246931393901e-06"	"0.00158845605044337"
"DENND4C"	"0.990340030006853"	"3.60173141632942e-08"	"5.6646230850321e-05"
"DENR"	"-0.502206404597748"	"0.00743465188097463"	"0.157134096424532"
"DHRS1"	"0.593446360606081"	"0.000575800044473139"	"0.0402484231086724"
"DIO3"	"1.11215132291674"	"0.000154036836649232"	"0.0173043882028628"
"DIO3OS"	"1.93714947415474"	"1.1690075432603e-05"	"0.00367711322732529"
"DIRAS3"	"-1.45966887587579"	"0.00279772109935404"	"0.0897488846829089"
"DKK4"	"2.16302825428122"	"8.83619984653846e-05"	"0.0122172600515546"
"DLG4"	"-0.650998962806192"	"0.011852107806317"	"0.197290485277024"
"DLX1"	"-2.13331895300837"	"0.00557704655080966"	"0.131405242888178"
"DNAJB2"	"-0.730808760800566"	"0.00615334587617592"	"0.139261433437223"
"DNAJC12"	"-2.18508851312816"	"0.011546685818126"	"0.19630150075059"
"DNM1"	"-1.47118080936135"	"0.00164564936076676"	"0.0703294013095771"
"DOPEY2"	"0.600471928654836"	"0.00514679223601627"	"0.125497945568908"
"DPYD"	"-1.02919771054905"	"0.00581052752286206"	"0.133965024596696"
"DUSP4"	"-1.7001688617763"	"0.000780029771499174"	"0.0469311544150143"
"DUSP5"	"-2.31503535332768"	"4.38901035216631e-05"	"0.00850550323343042"
"DUSP6"	"-1.1822435036803"	"0.0007517392733721"	"0.0456926740945302"
"DUT"	"-0.996078039776222"	"0.000642259845648735"	"0.042983581797619"
"DYNLRB1"	"-0.847709324789999"	"0.00619121908506746"	"0.139852636496084"
"DYNLT3"	"-1.29021600564494"	"0.00319264302630862"	"0.0964207771539048"
"DYRK3"	"-0.693588649418797"	"0.00204897539738159"	"0.0786607062261927"
"EBP"	"0.882448776395067"	"0.000679550288904856"	"0.0444342104581006"
"ECI2"	"-1.74369919824175"	"0.000138947500639582"	"0.016338667785488"
"EFNA3"	"1.12814460472058"	"0.000532854600650028"	"0.0387536218808014"
"EHBP1"	"-1.23096725884324"	"0.0101696410318612"	"0.184920516651671"
"EHD2"	"-0.873983011424114"	"0.00871674259219389"	"0.168729315838436"
"EIF2B5"	"0.723345295881222"	"0.00320329715866573"	"0.0964207771539048"
"ELF3"	"1.36904144553394"	"0.00122134358208761"	"0.0607389128451632"
"ELOVL3"	"-1.42504199588728"	"0.00495921586697949"	"0.122587139564511"
"EMP3"	"-2.42356186501683"	"4.26059090254582e-05"	"0.00850550323343042"
"EOMES"	"1.28377926058504"	"0.00112127164574436"	"0.0575830197826755"
"EPB41L2"	"1.37688981234531"	"0.0118543639222246"	"0.197290485277024"
"EPHA1"	"1.02383940413973"	"0.00836826060893522"	"0.165711687054586"
"EPHA4"	"-1.66411074052383"	"0.00198727952692706"	"0.0782834338073789"
"EPHB3"	"1.63156329831977"	"0.00301609127472758"	"0.0937941958917312"
"EPHB6"	"-3.53897746503785"	"0.000508996799340658"	"0.0376970562900755"
"EPHX2"	"1.44245705738515"	"0.000443298295260538"	"0.0342314843741024"
"EREG"	"-2.04807622079347"	"0.00278672739262152"	"0.0896741791661481"
"ERGIC1"	"1.0210949093168"	"0.00486536893168587"	"0.121387242178522"
"ERN2"	"2.05791019977161"	"8.07126187252016e-05"	"0.0115829690761857"
"ERO1LB"	"-0.668457874336101"	"0.00315022525074992"	"0.0964207771539048"
"ERRFI1"	"-2.21373886827707"	"8.10126592516563e-05"	"0.0115829690761857"
"ERV3-1"	"1.32902495519939"	"0.0108441451489038"	"0.191265626708174"
"ESRP2"	"0.755428043357751"	"0.000896057532319279"	"0.0498157044156936"
"ETV1"	"-1.3938292449307"	"0.00210002822907921"	"0.0793470125473712"
"ETV5"	"-1.80719230453989"	"0.00019013923267921"	"0.0200169898380811"
"F3"	"-1.45851754096687"	"0.00859640781398432"	"0.167430345380109"
"FABP1"	"2.48622803705127"	"6.90502210749438e-07"	"0.000579193254376629"
"FAM107B"	"-1.98438322561495"	"1.91976234237949e-05"	"0.0046052177333301"
"FAM109A"	"0.738144406815323"	"0.00353805400177637"	"0.101402723121527"
"FAM168A"	"-0.542692102372786"	"0.0114731011862516"	"0.196133911855187"
"FAM213B"	"0.824043774535374"	"0.00885297036794623"	"0.170840603020705"
"FAM216A"	"-1.31032294815394"	"0.0108538910721377"	"0.191265626708174"
"FAM3D"	"2.7683978582477"	"0.00235506949770663"	"0.08441779440356"
"FAM46B"	"-0.639362555648836"	"0.00706866860154691"	"0.152814412963339"
"FAM50B"	"1.75604168587615"	"3.5956868460669e-05"	"0.00754015531620229"
"FAM53A"	"-0.82230536364917"	"5.31784263950177e-05"	"0.009560754397327"
"FAM84A"	"2.79800484129888"	"7.15481681349015e-06"	"0.0033950156363119"
"FAM84B"	"-1.72876305687278"	"0.0116366489609122"	"0.19630150075059"
"FARP1"	"-1.3637832107699"	"0.000933973337281602"	"0.0515405812705137"
"FARS2"	"0.783670413120141"	"0.00127803328807409"	"0.0625689293017439"
"FASN"	"0.811546611949045"	"1.69504311490298e-06"	"0.00125453132186525"
"FBXO34"	"0.736959844337601"	"0.00171977146098061"	"0.0716495513975434"
"FCGBP"	"2.02037266836694"	"0.00195584387808719"	"0.0780484919831337"
"FDFT1"	"0.993538909359695"	"0.000684636128816738"	"0.0444342104581006"
"FDPS"	"0.9944881262221"	"0.000353154929865592"	"0.0286670666294767"
"FGD1"	"-1.52440535784641"	"0.000171703116226682"	"0.0189342008288002"
"FGD2"	"1.40097574503591"	"0.000538504005401649"	"0.0389394103216296"
"FGF20"	"1.15732390594141"	"0.00735992263101181"	"0.157134096424532"
"FGF9"	"-2.74108462855994"	"0.000746148660927489"	"0.0455825663381387"
"FGFR1"	"1.41513546265149"	"0.00774256198722835"	"0.159681103825668"
"FHOD1"	"0.634929296697832"	"0.00993133742664157"	"0.184029583949933"
"FJX1"	"-1.51585711299975"	"2.08281729806212e-05"	"0.00476472858985775"
"FLT3LG"	"-0.646945979371682"	"0.0114323403010954"	"0.196133911855187"
"FNTA"	"0.877508295075143"	"0.0103755063884969"	"0.186759114992944"
"FOSL1"	"-1.66584023818708"	"0.00154501951961839"	"0.0677332250726084"
"FOXA3"	"1.78083632633931"	"0.00329675110389875"	"0.0979437775954107"
"FSCN1"	"-2.1267455760212"	"0.000205356231100408"	"0.0210064398350027"
"FUNDC1"	"-0.869937858036086"	"1.12077308376257e-05"	"0.00361578639484634"
"FUT2"	"1.69091772368862"	"0.000817444760164098"	"0.0480611680952555"
"FYN"	"-1.352668591916"	"0.000267679551921866"	"0.0242298138293591"
"FZD5"	"1.00021345339865"	"0.00275026994126162"	"0.0891562651588405"
"GABARAPL1"	"-1.60948191632322"	"0.00124751421883616"	"0.0615538192211631"
"GALC"	"1.54003115705075"	"0.00490102678641625"	"0.121387242178522"
"GALNT12"	"1.52412249541422"	"0.00361216899482356"	"0.103291614301977"
"GAMT"	"1.22187967935184"	"0.0116380911025151"	"0.19630150075059"
"GATA3"	"-1.00039014138936"	"0.00397405961689646"	"0.108890128668531"
"GDA"	"1.43207432843759"	"0.000222257148420974"	"0.0223715155314616"
"GDI1"	"-0.739301279617839"	"0.00394884185832543"	"0.108718442585231"
"GIT2"	"-0.466805276183148"	"0.004429610381856"	"0.115869766786928"
"GJA3"	"-1.37845032812109"	"0.00503959309929404"	"0.12408641952117"
"GLTSCR2"	"0.884529028836919"	"0.00258956815226932"	"0.0868388898714659"
"GNB5"	"-0.743456042021042"	"0.000633801134106444"	"0.0426443094616432"
"GNG2"	"-1.61774958885718"	"0.00217293080991001"	"0.0803234412000083"
"GPC2"	"-0.795890730612211"	"0.0116313715082117"	"0.19630150075059"
"GPR160"	"2.17678275601477"	"4.39403679997598e-05"	"0.00850550323343042"
"GPR19"	"-1.14296707828789"	"0.00514271663417794"	"0.125497945568908"
"GPR87"	"-1.70609241266839"	"0.00247014987642713"	"0.0857890817492225"
"GRB10"	"-1.03583305854205"	"0.00235112833473517"	"0.08441779440356"
"GREB1L"	"0.869226688849662"	"0.00806678928535749"	"0.163177399981299"
"GRHL3"	"1.31616633267542"	"0.00400700441690749"	"0.108890128668531"
"GSTM1"	"2.25921936715579"	"5.87741790075849e-05"	"0.00991089061917278"
"GSTM2"	"2.07343528614085"	"3.3957800851532e-05"	"0.00724164492057587"
"GSTP1"	"1.4547001424743"	"0.00484829664087557"	"0.121387242178522"
"GTPBP6"	"0.914691641669539"	"0.00663149952187825"	"0.145108742581343"
"GUCA1B"	"-0.991346741599055"	"0.0107687798291701"	"0.191104073075625"
"GUCD1"	"0.681406690872454"	"0.00859509305428819"	"0.167430345380109"
"GUCY2C"	"1.83233838148865"	"0.00203675137645441"	"0.0786086068053663"
"GUK1"	"0.683877817477115"	"0.00961526069942225"	"0.18002858648829"
"GULP1"	"-1.44182121482809"	"0.00281845129241933"	"0.0897765928132151"
"GYG2"	"-1.13720449310327"	"0.0112939713169975"	"0.194505303474948"
"GZMB"	"1.53314655858541"	"0.00257025476168397"	"0.0868388898714659"
"HAUS4"	"0.82397714511466"	"0.00572619995243835"	"0.133441141188497"
"HAUS7"	"0.943743889145457"	"0.000402380849738215"	"0.0314456885180511"
"HCCS"	"-0.588333542140264"	"0.00328926127978458"	"0.0979437775954107"
"HEPH"	"2.1860277960119"	"6.30493314691166e-05"	"0.0104379827440056"
"HEY1"	"-0.770439040651091"	"0.00870812100049107"	"0.168729315838436"
"HIBCH"	"0.730348291852762"	"0.00345104980308464"	"0.0999954135389993"
"HIF1A"	"-1.17837837635861"	"0.00248731811749132"	"0.0857890817492225"
"HMGCS1"	"1.76620597732606"	"0.000509398377045275"	"0.0376970562900755"
"HNMT"	"0.854942422486152"	"0.00839472568441112"	"0.165711687054586"
"HNRNPL"	"0.635004369276832"	"0.0100184807183195"	"0.184624316553758"
"HOMER1"	"-0.531779311893046"	"0.00771249157836188"	"0.159681103825668"
"HOOK1"	"1.31685861205464"	"0.00233376911073915"	"0.0843778245727586"
"HOXA4"	"-0.802738196254616"	"0.00102805474846336"	"0.0548092578184999"
"HOXA5"	"-2.50041413216331"	"6.84754938731826e-05"	"0.0110456238963126"
"HOXA7"	"-0.804046706151315"	"0.0106579727885991"	"0.190466777434095"
"HOXB2"	"-2.50166260406764"	"1.76108023050545e-05"	"0.00440601896296578"
"HOXC4"	"-0.820227512553777"	"0.0032438298322045"	"0.0970947061319792"
"HOXC6"	"-1.30260255209964"	"0.00140823188182751"	"0.0649369108446802"
"HOXC9"	"-0.646706853296092"	"0.00622879038528389"	"0.140197925988626"
"HOXD1"	"-1.44046402936167"	"0.000833456042161878"	"0.0483375676282838"
"HOXD9"	"-0.977741446375431"	"0.00170424879258098"	"0.0712387319211092"
"HPS5"	"-0.656389604658961"	"0.000145268393926435"	"0.0169237678924297"
"HRASLS"	"-1.22391226638708"	"0.0081414987911997"	"0.163713747481043"
"HSD17B1"	"-1.22623381232578"	"0.00216349714567706"	"0.0803234412000083"
"HSD3B7"	"1.31573466579787"	"0.00516929360274081"	"0.125802808722795"
"HSPB8"	"-1.26918724509305"	"0.00207786372587122"	"0.0789839317187663"
"HTR1D"	"0.89432890939007"	"0.000297395627887496"	"0.0254546380277583"
"HYAL3"	"0.889208465630944"	"0.00313913795881533"	"0.0963332531654011"
"IDNK"	"1.0155327890752"	"0.0038670596454894"	"0.108158921276974"
"IFI16"	"-1.06540089864077"	"0.0034056387954782"	"0.0998828608967522"
"IFIT1"	"-2.02490661771352"	"0.00178152208360693"	"0.0730133904102357"
"IFIT2"	"-1.59256800080796"	"0.000853010208125757"	"0.0487844292665376"
"IFIT3"	"-1.72348069642038"	"9.49185008154424e-05"	"0.0129811367093467"
"IFITM1"	"2.32578811642615"	"0.00940715791177507"	"0.177653569853101"
"IFITM3"	"1.68665818789173"	"0.00996721654137569"	"0.184152009579426"
"IFRD1"	"-1.13218175816469"	"0.00470483817271311"	"0.119662846553949"
"IFRD2"	"1.03411367619861"	"0.00258061422180819"	"0.0868388898714659"
"IFT52"	"-0.825690670864139"	"0.00181144476850956"	"0.0737592170789233"
"IGFBP6"	"-3.2884159224689"	"4.19824730952192e-09"	"8.80372460806746e-06"
"IGSF5"	"-0.85293616179113"	"0.00739324305418535"	"0.157134096424532"
"IKBKB"	"0.800309821994015"	"0.0118346946964037"	"0.197290485277024"
"IL20RB"	"-1.05301368039922"	"0.00668460015208613"	"0.146016734572131"
"ILVBL"	"0.870947770945273"	"0.0111835580429224"	"0.194087688189083"
"INSIG1"	"1.36535429801695"	"0.000620861932354296"	"0.0419983055531277"
"INSIG2"	"-0.952852151686073"	"0.00384845165062043"	"0.10814055583843"
"IP6K2"	"0.804975627939721"	"0.00831010565784634"	"0.165047850011317"
"IQCD"	"-0.484926065810593"	"0.0112366880092747"	"0.19420330842403"
"ISX"	"1.56475395079464"	"0.00615397846058622"	"0.139261433437223"
"ITGA9"	"0.782271817371386"	"0.0113159976270595"	"0.194505303474948"
"ITPA"	"0.949304424213174"	"0.0074015955694311"	"0.157134096424532"
"ITPK1"	"0.875554665194404"	"0.00252965058475591"	"0.0862549150607016"
"ITPR1"	"-0.760157948175797"	"0.00572708760465651"	"0.133441141188497"
"ITPR2"	"1.11108111973013"	"0.0042928959181782"	"0.114381099395878"
"JHDM1D-AS1"	"0.991323534090752"	"0.000741942021637883"	"0.0455825663381387"
"KATNAL1"	"-1.05231304202293"	"0.00118625761039963"	"0.0594605200854"
"KCNV1"	"1.38920847895287"	"6.84572710094909e-06"	"0.0033950156363119"
"KDM5D"	"1.59628723340979"	"0.00218979591876435"	"0.0805614393271727"
"KHK"	"1.11697417049752"	"0.00104198552409384"	"0.0553175606082223"
"KIAA1161"	"0.588734333062224"	"0.00274457695641811"	"0.0891562651588405"
"KIAA1324L"	"-1.4944018963906"	"0.00841462724607996"	"0.165711687054586"
"KLF7"	"0.741433700747229"	"0.00165720755961927"	"0.0704425186321946"
"KLK12"	"2.87642250132129"	"0.00113644502649915"	"0.0581250053797251"
"KLK8"	"-1.49733372132474"	"0.000826831682416507"	"0.0483375676282838"
"KRT15"	"-1.06307909080272"	"0.00717788210126885"	"0.154473869783739"
"KRT80"	"-2.02728311785751"	"0.00392477206809134"	"0.108292724036678"
"KRT81"	"-1.91276974517272"	"4.92866329818941e-05"	"0.00927984659341311"
"KRT86"	"-0.889995251354644"	"0.00457099772721648"	"0.118018649997826"
"KRTCAP3"	"1.36999993459981"	"0.00934431936361234"	"0.177330657968281"
"KYNU"	"-1.80403389130228"	"0.00956575277143795"	"0.179636270701839"
"L1CAM"	"-2.02563583544912"	"0.00045340152362628"	"0.0347847437211332"
"L3MBTL2"	"0.778777020238093"	"0.00249235053288979"	"0.0857890817492225"
"LAT2"	"-0.79864514812622"	"0.0101101696157637"	"0.184624316553758"
"LBR"	"1.18918334816868"	"0.000658315201757358"	"0.0438249834312755"
"LCK"	"-2.31929030348161"	"0.00959016053090791"	"0.17982622920996"
"LDLRAP1"	"0.986951931081298"	"9.86578017462737e-05"	"0.0133203808180688"
"LGALS1"	"-5.01817719591486"	"2.84394188212964e-09"	"7.15649535219104e-06"
"LIPG"	"1.45277436254464"	"0.00543168384756474"	"0.129570061957135"
"LIX1L"	"-1.81523871463897"	"0.000153608640456288"	"0.0173043882028628"
"LMCD1"	"-1.15683035900705"	"0.00230967479331555"	"0.0838721776943783"
"LOXL1"	"-1.29390437837962"	"0.00330060099351885"	"0.0979437775954107"
"LPXN"	"-2.64109423293563"	"0.000232348780701001"	"0.0231056313499505"
"LRP4"	"1.92807604889632"	"3.75410570689846e-05"	"0.00763121553910208"
"LRRC32"	"1.12371335057062"	"0.00236171225799182"	"0.08441779440356"
"LSS"	"0.986219942929448"	"0.00747507645201728"	"0.157134096424532"
"LYRM4"	"0.716241218852897"	"0.00128899517512339"	"0.0628609972612499"
"MACF1"	"-0.972249167236034"	"0.0120592436703397"	"0.1993816082263"
"MAOB"	"-1.52434868381838"	"0.0014252820666919"	"0.0649369108446802"
"MAP2K1"	"-0.47049498240888"	"0.00596695851926817"	"0.136254577294795"
"MAP3K12"	"-0.839553217612185"	"0.000174564242262027"	"0.0189342008288002"
"MAPRE1"	"-0.731028853367501"	"0.000511737289710159"	"0.0376970562900755"
"MBNL2"	"-1.13308802506665"	"0.00417010338047321"	"0.112592791272777"
"MCAT"	"1.00952800648744"	"0.00157849323667638"	"0.0684848341512492"
"MCM10"	"-0.929420454520017"	"0.00469517742115186"	"0.119662846553949"
"MCM5"	"0.986989477481533"	"0.00871440357285114"	"0.168729315838436"
"MDK"	"-2.35729796200082"	"3.76315783665744e-06"	"0.00215218417731018"
"MEF2C"	"0.950301032697769"	"0.00143994580556873"	"0.0649369108446802"
"MEIS2"	"-1.91273373899061"	"0.000104745785913925"	"0.0135867162718455"
"MEP1A"	"1.12460446596927"	"0.00160144104739754"	"0.0690045591039584"
"MET"	"-1.25519244455313"	"0.00591376077299614"	"0.135285341901523"
"MEX3B"	"-1.16477405205264"	"0.000110970353706077"	"0.0142472345952026"
"MFAP2"	"0.838483520169642"	"0.0106874670223658"	"0.190466777434095"
"MGAT3"	"1.21519846873281"	"0.00250242338843657"	"0.0857890817492225"
"MIPEP"	"1.00600753120696"	"0.00400662159953078"	"0.108890128668531"
"MIR22HG"	"-1.0743016316671"	"0.000260650872650389"	"0.0241140388212294"
"MLEC"	"0.96640784816419"	"0.00101805430516054"	"0.0545070607128932"
"MLXIPL"	"1.58102305066532"	"0.000598126133412167"	"0.0411236230086989"
"MME"	"2.1315653899212"	"0.00576380565212146"	"0.133801112020281"
"MNAT1"	"-1.09029338743916"	"0.000190910728069443"	"0.0200169898380811"
"MORF4L1"	"-0.577543810631155"	"0.0118137303680903"	"0.197290485277024"
"MPHOSPH9"	"-0.684596446943146"	"0.00747778222970449"	"0.157134096424532"
"MRGBP"	"-0.721059755017374"	"0.00644401330312413"	"0.144132684804118"
"MRPS10"	"-1.31419091560266"	"0.00457742021927669"	"0.118018649997826"
"MT3"	"2.55555498820704"	"0.00129514663675154"	"0.0629171234888336"
"MT4"	"1.14742417869036"	"0.00544876120142327"	"0.129596055645194"
"MUC17"	"1.84910381419425"	"0.000877956995635632"	"0.0495356722829037"
"MUC3A"	"0.843609548804"	"0.0102542624714713"	"0.185372313816167"
"MYBL1"	"-0.862460780739723"	"0.00654413127473775"	"0.145108742581343"
"MYH14"	"1.3102782257905"	"0.00263225070498705"	"0.087268152767723"
"MYL6B"	"-1.01174323124045"	"0.00141358949450974"	"0.0649369108446802"
"MYO5B"	"0.994950597708649"	"0.00126503588004703"	"0.0621745368857491"
"MYO7B"	"1.03742116092338"	"0.000849599309133539"	"0.0487844292665376"
"MYT1"	"-2.08802940766595"	"0.00445179290698249"	"0.116208419825008"
"NAB2"	"-0.628221306209703"	"0.00130260710949756"	"0.0630361640449936"
"NAP1L5"	"-1.04236926550674"	"0.0107025919286207"	"0.190466777434095"
"NAV2"	"-1.74886205473859"	"0.00146114421094498"	"0.065191902347907"
"NCALD"	"-1.46942583740687"	"0.0026043093151566"	"0.0868388898714659"
"NCLN"	"0.691695658793873"	"0.000173758471168472"	"0.0189342008288002"
"NDRG4"	"-0.98479735664278"	"0.0101921167336443"	"0.184920516651671"
"NDUFV1"	"0.673115510741073"	"0.00643483869355478"	"0.144132684804118"
"NEB"	"-2.10101956965518"	"0.00470871995195879"	"0.119662846553949"
"NEIL3"	"-0.72675709677899"	"0.00186949394077015"	"0.0751500727245047"
"NELL2"	"0.871436243285587"	"0.00468305376746358"	"0.119662846553949"
"NENF"	"1.02628957403975"	"0.00852584037858633"	"0.16683067440649"
"NES"	"-1.48459223472569"	"0.0097959362698053"	"0.182326139270252"
"NEU4"	"1.12825253040364"	"0.0109544355187792"	"0.192229717848369"
"NFKBIZ"	"1.01853953712819"	"0.0110328376642538"	"0.192531433414205"
"NIPA1"	"-0.810228747471545"	"0.00783300438374244"	"0.160251806758126"
"NIPAL1"	"0.836410428943096"	"0.00387641835586817"	"0.108158921276974"
"NLRP2"	"2.59272736323755"	"1.03169865932001e-05"	"0.00361578639484634"
"NMU"	"1.30806054400041"	"0.0106549861430313"	"0.190466777434095"
"NOL12"	"0.755640033687418"	"0.00537993056629143"	"0.128933878828721"
"NOSTRIN"	"1.61152292421888"	"0.0019174674316703"	"0.0768330421187124"
"NOX1"	"2.56592823258653"	"9.12217881480106e-08"	"0.000127528059830919"
"NOXA1"	"1.3034806878687"	"0.00151773090473904"	"0.0668912136062897"
"NPW"	"-2.90842361118011"	"0.00260889368712559"	"0.0868388898714659"
"NR2F1"	"-1.9753752338504"	"0.00419752350320188"	"0.113090451214745"
"NRGN"	"-1.15409833704663"	"0.0108093422867592"	"0.191265626708174"
"NRP1"	"-2.04787932378325"	"1.29387185726693e-05"	"0.00387607040669821"
"NSMF"	"1.07754106816447"	"0.000321652783351864"	"0.026625232369297"
"NSUN7"	"-0.956946506217806"	"0.00400448643936843"	"0.108890128668531"
"NUP214"	"0.58795117525436"	"0.00250917040881528"	"0.0857890817492225"
"OBFC1"	"-0.842104769067006"	"0.000362209383927301"	"0.029213579926752"
"ODAM"	"1.47491490982017"	"0.00238850444232961"	"0.0848014122164671"
"OLFM4"	"3.70125558179375"	"0.00228328699872077"	"0.0832704841098688"
"OPRL1"	"-0.805408968413046"	"0.0038913088852433"	"0.108158921276974"
"OSGEP"	"0.789088574844128"	"0.0117449034437288"	"0.196770139985347"
"OVOL1"	"1.46228424457125"	"2.74269113941474e-05"	"0.00605412980984496"
"P4HTM"	"1.08382320879146"	"0.00294059623209306"	"0.092672586501824"
"PAQR8"	"1.19288546624073"	"0.0100227183127307"	"0.184624316553758"
"PBX3"	"-0.985925343459284"	"0.00263566190206126"	"0.087268152767723"
"PCCA"	"2.05550904563104"	"0.000274239675191419"	"0.0246463113804174"
"PCCB"	"0.756588848496486"	"0.00508294621001079"	"0.124665943887633"
"PCOLCE2"	"1.31487510766585"	"0.00146668286855448"	"0.0652077874634363"
"PCSK7"	"0.815627616888773"	"0.00344058099848422"	"0.0999954135389993"
"PCSK9"	"1.67444797671002"	"0.00562069363468562"	"0.131939491253012"
"PDIA5"	"0.918503492672989"	"0.00489761072726058"	"0.121387242178522"
"PDK4"	"-1.13800995084916"	"0.00389951276943018"	"0.108158921276974"
"PDZK1IP1"	"2.02002429575378"	"0.00203466579949567"	"0.0786086068053663"
"PECR"	"-0.887298387054709"	"0.00164895671485656"	"0.0703294013095771"
"PEMT"	"0.718058267187791"	"0.00137104822915096"	"0.0649369108446802"
"PFKL"	"0.97044288904605"	"0.00808492605239789"	"0.163281764994013"
"PFKP"	"-1.33216239926097"	"0.000134687286577076"	"0.0159871267897431"
"PHF20"	"-0.455605211395721"	"0.00242890594273471"	"0.0850736819964339"
"PHLDA1"	"-1.73113397480862"	"0.00321991794090877"	"0.0966897554475278"
"PHTF1"	"-0.681298776394593"	"0.00156723154910121"	"0.068231513324538"
"PHYH"	"-0.792146935522145"	"0.00100445771641311"	"0.0540089187517512"
"PHYKPL"	"0.640374425162531"	"0.00170414723687895"	"0.0712387319211092"
"PI3"	"2.43828432291007"	"0.000133952048167672"	"0.0159871267897431"
"PIGN"	"0.92086713691496"	"0.00345716141229254"	"0.0999954135389993"
"PIGZ"	"0.991712288383147"	"0.00239266422960148"	"0.0848014122164671"
"PIK3IP1"	"0.992757637982684"	"0.00480797120125695"	"0.121230247804038"
"PIK3R2"	"0.924777092310304"	"0.00173631462312569"	"0.0718628637768664"
"PIN4"	"-0.733306559928832"	"0.00390273011124988"	"0.108158921276974"
"PIP4K2A"	"-0.921973925643624"	"0.00054521839059865"	"0.0391996445172126"
"PIP4K2C"	"-0.56256890834146"	"0.0106877252612408"	"0.190466777434095"
"PITX2"	"-1.40311321514176"	"7.18692932768267e-05"	"0.0113032431001129"
"PIWIL1"	"-2.80548166410909"	"1.93988666242645e-05"	"0.0046052177333301"
"PLA2G2A"	"3.1052859546687"	"0.00428267294874076"	"0.114381099395878"
"PLCB1"	"-1.10438899336139"	"0.00212254601994513"	"0.0794817679254453"
"PLCD1"	"1.2374265360848"	"0.00718226147063166"	"0.154473869783739"
"PLCG2"	"-1.2542107901894"	"5.29969442614096e-05"	"0.009560754397327"
"PLEKHB1"	"-1.60257781119454"	"0.00472433673617723"	"0.119662846553949"
"PLEKHG2"	"-0.869517208661882"	"0.000250401753640656"	"0.0237345593645923"
"PLEKHH1"	"1.34118536324574"	"0.00161460416108882"	"0.0693342988219098"
"PLXNB3"	"-0.769799321325714"	"0.00442076064582159"	"0.115869766786928"
"PMAIP1"	"-1.68540614974591"	"0.00115587393096479"	"0.0587031535979161"
"PMEPA1"	"-2.1999715813832"	"0.000296041888399176"	"0.0254546380277583"
"POF1B"	"1.70879741065701"	"0.000366577916430397"	"0.0293776009205557"
"POLD1"	"0.538422969428131"	"0.00830873249256697"	"0.165047850011317"
"POLR1C"	"0.616353921701702"	"0.00755717018947434"	"0.157685431714703"
"POLR3C"	"0.61854348451797"	"0.00787275657117804"	"0.160542987323439"
"PPARGC1A"	"-1.27851178542936"	"0.000898757344012276"	"0.0498157044156936"
"PPP1R18"	"-1.47875144615656"	"0.000350578634358839"	"0.0286427297240449"
"PRDM8"	"-1.75906731030592"	"9.98600154449066e-05"	"0.0133203808180688"
"PRKCA"	"-1.47716087882709"	"0.00141345412662068"	"0.0649369108446802"
"PRKCDBP"	"-3.82721396799366"	"0.000123474382634881"	"0.0153817295278423"
"PRKX"	"-0.733329846900069"	"0.00425286749067402"	"0.114092918481153"
"PRKY"	"0.877100020988456"	"0.000798656011043088"	"0.0471769480326015"
"PRLR"	"0.65685866585088"	"0.0114556282643027"	"0.196133911855187"
"PRR15"	"1.05290790703615"	"0.00984699389470601"	"0.182949781585228"
"PRR15L"	"1.44595220484817"	"0.0108013745605219"	"0.191265626708174"
"PRR5"	"1.11584328682195"	"0.00198214279041285"	"0.0782834338073789"
"PRSS1"	"-2.68552564317497"	"0.00196020691993882"	"0.0780484919831337"
"PRSS53"	"-0.558169769143355"	"0.0102468436490327"	"0.185372313816167"
"PRTFDC1"	"-1.71997491921366"	"0.00116415088312296"	"0.0588246843833458"
"PSAP"	"-0.788693714884603"	"0.00765871931298142"	"0.159066755062821"
"PSMC3IP"	"-0.528670439584361"	"0.0052437083241351"	"0.126699920434742"
"PSORS1C3"	"0.983629351598212"	"0.00217593224265608"	"0.0803234412000083"
"PTBP1"	"0.338019725867733"	"0.0020253841273907"	"0.0786086068053663"
"PTGDR"	"1.29885663529449"	"0.00378633174475829"	"0.107296454983218"
"PTPN18"	"0.453708416641799"	"0.009322346711037"	"0.177301574362285"
"PTPRD"	"1.2890183129506"	"0.00145067323494683"	"0.0651870380075038"
"PTPRO"	"2.89621516286093"	"7.67406325406866e-11"	"4.82775319313459e-07"
"PVRL3"	"1.68957934754597"	"0.000285670574903752"	"0.0251350151988742"
"PYGB"	"-1.56035478633887"	"0.00167546020518538"	"0.0706799051020821"
"QARS"	"0.893938080622352"	"0.000200982140542274"	"0.0207275187893679"
"RAB11FIP1"	"1.2586888555498"	"0.00243415399131428"	"0.0850736819964339"
"RAB15"	"1.29140443881483"	"0.000133385317314234"	"0.0159871267897431"
"RABL6"	"0.679015062650045"	"0.00699606345424511"	"0.151525345571395"
"RAPGEFL1"	"1.87635629718019"	"6.86158727129503e-10"	"2.38290778810534e-06"
"RBBP8NL"	"1.48011585992977"	"3.76041458769932e-05"	"0.00763121553910208"
"RBMS1"	"-1.28863953258564"	"0.00212224199158008"	"0.0794817679254453"
"RBP1"	"2.0612443527011"	"0.00031411677923657"	"0.0262471949952009"
"REEP2"	"-1.15315926300778"	"0.00247224711247691"	"0.0857890817492225"
"RELL1"	"-0.987094893743582"	"8.10255402872553e-06"	"0.00340227940323327"
"REN"	"2.34319934268665"	"0.00368026174740589"	"0.104762564040409"
"RENBP"	"-1.35763711046023"	"0.0028902542330494"	"0.0915999464993137"
"REPIN1"	"0.741883238577795"	"0.00660568533821018"	"0.145108742581343"
"RETNLB"	"1.57139064382471"	"0.00200000294047275"	"0.0783926386200255"
"RGP1"	"-0.354735575241082"	"0.0100766042868032"	"0.184624316553758"
"RGS19"	"-1.46443430353623"	"8.06961990186639e-05"	"0.0115829690761857"
"RGS2"	"-1.87737567026247"	"0.00260491053446604"	"0.0868388898714659"
"RHEB"	"-0.729226706184437"	"0.00338188380635198"	"0.099697081238758"
"RHOV"	"1.01910192301008"	"0.00280331518680521"	"0.0897488846829089"
"RIPPLY3"	"1.2176249402653"	"0.0013826866463931"	"0.0649369108446802"
"RNASE1"	"3.0840163859136"	"8.67646627282796e-06"	"0.00345484142866564"
"RNASE6"	"1.61417303539886"	"0.000575236096727791"	"0.0402484231086724"
"RNF186"	"1.5783431899562"	"7.28544127963927e-06"	"0.0033950156363119"
"RNFT2"	"-1.0342475649282"	"0.000342611876842788"	"0.0281747884603657"
"ROGDI"	"-1.16516857163087"	"0.0058820318254257"	"0.135050592020997"
"ROR1"	"-1.53974817308055"	"0.00143560641437374"	"0.0649369108446802"
"RPS4Y1"	"6.21306256129618"	"4.47471514656509e-12"	"5.6300865974082e-08"
"RPS6KA1"	"0.977222942063278"	"2.13395914615256e-05"	"0.00479454892444491"
"RPUSD2"	"0.790427014443008"	"0.00526412176659617"	"0.12688348671899"
"RRAGB"	"-0.925846182494545"	"0.0115517797841136"	"0.19630150075059"
"RRBP1"	"0.9046321873283"	"0.00110588454504858"	"0.0570255710893494"
"RRP1"	"0.641327964260295"	"0.0112145723504581"	"0.194087688189083"
"RRP7A"	"1.22307782059304"	"0.000100575121420802"	"0.0133203808180688"
"RSPH1"	"1.23839557272713"	"0.0108724681109896"	"0.191325026255204"
"RUNX3"	"1.59362773667463"	"0.000742823208867938"	"0.0455825663381387"
"RUSC1"	"0.577023111412366"	"0.011964170197361"	"0.198592598183635"
"S100A2"	"-0.966433603202254"	"0.00132181460722603"	"0.0634773717103737"
"S100A3"	"-2.57942901865448"	"1.45595266983272e-05"	"0.0040117145653171"
"S100A4"	"-3.87229555366883"	"8.00435041940478e-05"	"0.0115829690761857"
"SACS"	"-0.879010613547171"	"0.000948111117222685"	"0.0518658003343297"
"SAMD5"	"1.87343092410576"	"0.00203367950065147"	"0.0786086068053663"
"SAMD8"	"-0.617154328283672"	"0.00152049651020496"	"0.0668912136062897"
"SCAP"	"0.824026447038277"	"0.00223523766143776"	"0.0819934701347227"
"SCEL"	"0.965496639632269"	"0.010994299567199"	"0.192392596876909"
"SCG2"	"-3.95992464152555"	"1.46668947706713e-05"	"0.0040117145653171"
"SCNN1D"	"-0.724420206893779"	"0.00926860967236979"	"0.176961527917689"
"SDHA"	"0.816048035701399"	"1.65346085376788e-05"	"0.00428142998802959"
"SEC61A2"	"-0.678178674929732"	"0.00199099497841053"	"0.0782834338073789"
"SEMG1"	"0.931601813666126"	"0.00907985148243466"	"0.173885374964982"
"SENP5"	"-0.558027445151322"	"0.00421643919545629"	"0.113357346062459"
"SERPINB6"	"1.29114382818048"	"0.000871706434680173"	"0.0494045511763331"
"SFTA2"	"1.83621946406244"	"0.000252612716271502"	"0.0237345593645923"
"SH3BGRL"	"-1.55266913623959"	"0.00974130333497561"	"0.181847297567749"
"SH3RF1"	"-0.79264061801202"	"0.000960957464865084"	"0.0523409819174566"
"SH3RF2"	"0.829093640422337"	"0.0101809228629688"	"0.184920516651671"
"SHC4"	"-1.89600352431159"	"0.000892196283028514"	"0.0498157044156936"
"SIDT1"	"1.63893668018947"	"0.000681812236190612"	"0.0444342104581006"
"SIM2"	"0.795304571684712"	"0.00745652023231192"	"0.157134096424532"
"SIX4"	"-1.57471954652578"	"4.05383649198734e-06"	"0.00221762481487759"
"SKIDA1"	"-1.09648189105068"	"0.00319086806062595"	"0.0964207771539048"
"SLAIN1"	"-1.69855370141263"	"0.00139171443629067"	"0.0649369108446802"
"SLC12A2"	"1.25194292575831"	"0.00380867727400705"	"0.107687140363049"
"SLC16A2"	"-1.01086045904525"	"0.00100007016249008"	"0.0540037887744645"
"SLC16A3"	"-1.7040696572997"	"0.00856501277104446"	"0.16733694205789"
"SLC19A1"	"0.619617397708276"	"0.00752642346084095"	"0.15756648915857"
"SLC1A4"	"0.79792552214551"	"0.0110183094420195"	"0.192531433414205"
"SLC25A1"	"0.858880125222847"	"0.00891769201552342"	"0.171563304188556"
"SLC25A39"	"0.565576368018113"	"0.00813477560834878"	"0.163713747481043"
"SLC26A6"	"1.32434939582506"	"1.09958951093813e-05"	"0.00361578639484634"
"SLC27A2"	"1.46998197561482"	"1.78593997068236e-05"	"0.00440601896296578"
"SLC27A3"	"0.859587700635213"	"0.00580540309828271"	"0.133965024596696"
"SLC27A4"	"0.580727238516436"	"0.0103683731515941"	"0.186759114992944"
"SLC29A1"	"0.990091775592359"	"0.00276354660721251"	"0.0891562651588405"
"SLC2A3"	"-3.5516534652619"	"0.00166943305466335"	"0.0706799051020821"
"SLC2A4RG"	"-0.879812568698974"	"0.00269051744663029"	"0.0888506312690348"
"SLC30A3"	"1.57823793501917"	"0.00131963400242394"	"0.0634773717103737"
"SLC35B4"	"-0.572552716232718"	"0.0114663166679606"	"0.196133911855187"
"SLC35E3"	"-0.732825390387121"	"0.008316669599998"	"0.165047850011317"
"SLC35G2"	"-1.21491930727752"	"0.0081920410268866"	"0.164127802866699"
"SLC38A2"	"-1.25142242039034"	"0.00151479647605943"	"0.0668912136062897"
"SLC38A5"	"2.87756288847306"	"7.60238983995078e-06"	"0.00340227940323327"
"SLC39A8"	"0.980075797654789"	"0.00697391467682281"	"0.151525345571395"
"SLC3A1"	"2.09057777338554"	"2.21709945763177e-08"	"3.98507791084613e-05"
"SLC40A1"	"-1.8213973878041"	"6.68514950013599e-07"	"0.000579193254376629"
"SLC5A6"	"0.895228717622617"	"1.37421518075518e-05"	"0.0040117145653171"
"SLC6A7"	"0.752333016853589"	"0.00453810812130593"	"0.117972058641056"
"SLC7A2"	"-1.40654285974942"	"0.00119091170414249"	"0.0594605200854"
"SLC7A7"	"1.64983616618715"	"0.000291150023113088"	"0.0253951706746121"
"SLC9A7"	"-0.840342880190177"	"0.0104632256654136"	"0.188069007603191"
"SLPI"	"1.73542253819031"	"0.00487178809962872"	"0.121387242178522"
"SLX4"	"-0.478769692887119"	"0.0110482714272834"	"0.192533727282659"
"SMAD3"	"-0.997579467676216"	"0.00777608239343029"	"0.159867105676699"
"SMARCA1"	"-2.65393193118142"	"1.62850158472431e-05"	"0.00428142998802959"
"SMOC1"	"-1.87609086354335"	"0.000487518874102878"	"0.0369515811684483"
"SMTNL2"	"0.782197781067655"	"0.00570404185662649"	"0.133441141188497"
"SNCA"	"-1.31278127850081"	"0.0078061021050718"	"0.160091286265"
"SNX10"	"-1.37703195619261"	"0.000833671290362231"	"0.0483375676282838"
"SNX24"	"-0.819304042824732"	"0.000562463542424363"	"0.040209751652178"
"SOCS3"	"-0.701925016230113"	"0.00794734276148296"	"0.161540333804489"
"SOX8"	"-1.79011681243009"	"0.000389291784454733"	"0.0308054668679839"
"SP4"	"-0.759543037567087"	"0.0100530139097426"	"0.184624316553758"
"SPATS2L"	"-1.02241165113434"	"0.000676712263050624"	"0.0444342104581006"
"SPDEF"	"2.9018181860165"	"0.00106724981811759"	"0.0559262771966938"
"SPON1"	"-2.48547305090156"	"7.71008781288647e-05"	"0.0115829690761857"
"SPPL2B"	"0.603299766652386"	"0.0027464012226712"	"0.0891562651588405"
"SPRY1"	"-0.981427199276581"	"0.00552978076404091"	"0.130781393934516"
"SPTAN1"	"0.664634792573851"	"0.0052464360631458"	"0.126699920434742"
"SREBF1"	"1.10408748003197"	"0.00281815644711986"	"0.0897765928132151"
"SREBF2"	"0.44145028375081"	"0.00814696944068415"	"0.163713747481043"
"SRI"	"0.675908614671978"	"0.000502740565773349"	"0.0376970562900755"
"SRPK1"	"0.888227829036307"	"0.00575849435142751"	"0.133801112020281"
"SRPRB"	"0.725146412967479"	"0.00781243441159671"	"0.160091286265"
"SRPX"	"-1.55599927512871"	"0.00985852423420638"	"0.182949781585228"
"ST3GAL1"	"-0.816125276615552"	"0.00522934917265568"	"0.126699920434742"
"ST6GALNAC1"	"2.93730897264323"	"1.03409334032522e-05"	"0.00361578639484634"
"STAMBP"	"-0.427226556859454"	"0.00383787453121765"	"0.10814055583843"
"STARD5"	"1.30527067498501"	"0.00295505044234096"	"0.0927193133803838"
"STEAP3"	"1.0331425702775"	"0.0010933766241307"	"0.0568465482843491"
"STMN3"	"-2.77105825772457"	"0.00968970435388067"	"0.181152838306875"
"STRA13"	"0.798203404362302"	"0.00887226382979082"	"0.170950725124698"
"STRA6"	"-1.24793275808948"	"0.00751971739870548"	"0.15756648915857"
"STX1A"	"-1.84679572341003"	"0.00028067124581651"	"0.0250454298926477"
"SUCLG2"	"0.952982062068285"	"0.00391701993272895"	"0.108292724036678"
"SUMO1"	"-0.570858878522034"	"0.000267555846547596"	"0.0242298138293591"
"SURF6"	"0.791257955331098"	"0.00842548689534552"	"0.165711687054586"
"SUSD2"	"-1.4608946659695"	"0.0055184264854342"	"0.130758647909102"
"SYS1"	"-0.46640875602545"	"0.00506431797596439"	"0.124451657760906"
"SYT1"	"-1.54487597738175"	"0.00301001924285481"	"0.0937941958917312"
"TAMM41"	"0.67354294586228"	"0.00473270661247893"	"0.119662846553949"
"TBC1D2"	"1.04527793598388"	"0.00350302658366455"	"0.100975440250961"
"TCEAL3"	"-1.65897943353346"	"0.00123148162994877"	"0.0610019758583285"
"TCF12"	"-0.865515337718493"	"0.00869662186742258"	"0.168729315838436"
"TCOF1"	"0.436943261928358"	"0.0113140498520916"	"0.194505303474948"
"TENM3"	"-1.39717646358411"	"0.00309975009154055"	"0.0955510382426493"
"TERF2IP"	"-0.591125248823968"	"0.0116818476681406"	"0.196498672941905"
"TFAP4"	"0.536806589705436"	"0.0115159869475023"	"0.19630150075059"
"TFCP2L1"	"-1.28799131203689"	"0.00182335469299847"	"0.0740046733784089"
"TFPI"	"-3.43784493939884"	"1.64856343428405e-07"	"0.000207422251301619"
"TGM3"	"1.20812624059733"	"0.0115379344175468"	"0.19630150075059"
"THG1L"	"0.706763121522619"	"0.0116348545818468"	"0.19630150075059"
"THRA"	"1.04641274360416"	"0.000766514325235688"	"0.0463667463467088"
"TIMP2"	"-2.55752443607958"	"8.63326103690946e-05"	"0.0120692989295994"
"TLE6"	"-0.868568930493041"	"0.00699699775687337"	"0.151525345571395"
"TLN2"	"1.88769982840597"	"3.59999648550155e-07"	"0.00035566790842899"
"TMEM109"	"0.994373797371896"	"0.00429141424999767"	"0.114381099395878"
"TMEM136"	"-1.56013181608099"	"0.00309294032275519"	"0.0955510382426493"
"TMEM141"	"1.05606968690849"	"0.00775434385928177"	"0.159681103825668"
"TMEM14A"	"-1.1181861175277"	"0.0036548780444079"	"0.104275908287393"
"TMEM168"	"0.953138739100313"	"0.00138443710757118"	"0.0649369108446802"
"TMEM194B"	"-0.610380614334536"	"0.00784814369704308"	"0.160300883110708"
"TMEM214"	"0.796452432327833"	"0.000707250119273576"	"0.0451706649781733"
"TMEM229B"	"0.65089124361452"	"0.0116251074003063"	"0.19630150075059"
"TMEM27"	"-1.4524497091052"	"0.00739872791436492"	"0.157134096424532"
"TMEM43"	"0.532692348036195"	"0.0041260507621585"	"0.111642947719308"
"TMEM47"	"3.15522900666876"	"6.61565649983141e-05"	"0.0108101545559583"
"TMEM54"	"1.22360204057862"	"0.00109851735160874"	"0.0568787873166302"
"TMEM55A"	"-1.22656027482712"	"3.41408195427956e-06"	"0.00214509229464862"
"TMEM92"	"1.06716822748961"	"0.00206310865161688"	"0.0786607062261927"
"TMEM97"	"0.68941359151866"	"0.0084680603547849"	"0.166217059881285"
"TMOD2"	"-0.620522241741744"	"0.00733054673655985"	"0.157125960884831"
"TMSB4Y"	"1.73356243073102"	"0.00351512023763479"	"0.100975440250961"
"TNFAIP2"	"-1.99199378953025"	"0.000233223269865182"	"0.0231056313499505"
"TNMD"	"0.922222809744142"	"0.00274330488061916"	"0.0891562651588405"
"TOX2"	"-2.57891554474973"	"0.00350775820305803"	"0.100975440250961"
"TP53INP2"	"-0.701681702624597"	"0.00754043202578837"	"0.157597534465896"
"TPM2"	"-2.14588020607969"	"0.00104803628920657"	"0.055405010885702"
"TRABD"	"0.830670693645439"	"0.00177598671308438"	"0.0730133904102357"
"TRABD2A"	"2.0328860548304"	"0.0026999349568679"	"0.0889282241552667"
"TRADD"	"0.607433910423532"	"0.00061022618863835"	"0.041501977867285"
"TRAF3"	"0.66607462548549"	"0.000787034937336515"	"0.0469311544150143"
"TRAF3IP2"	"0.914443694093142"	"0.0101998758986059"	"0.184920516651671"
"TRAPPC2"	"-0.661009213909381"	"8.7867529579797e-06"	"0.00345484142866564"
"TRERF1"	"-1.41489168551238"	"0.000518924362435359"	"0.0379599205125679"
"TRIB1"	"-2.0220552767539"	"0.000588730437716523"	"0.0407031299291758"
"TRIM31"	"2.59177350421778"	"4.94158100269177e-05"	"0.00927984659341311"
"TRIM44"	"-1.1043936311165"	"0.00520122668167333"	"0.126335587082652"
"TRIM6"	"-1.15578634755366"	"0.00435733140299091"	"0.115418828868277"
"TSPAN15"	"0.986104096761421"	"0.00488351668283779"	"0.121387242178522"
"TSPAN3"	"0.714753981117041"	"0.000792615376160893"	"0.0470409748247942"
"TSPYL2"	"-0.952758405315886"	"0.000697385141353245"	"0.0447678563699313"
"TUBA1A"	"-0.951077087193888"	"0.0042999729784017"	"0.114381099395878"
"TUBB2A"	"-0.943917266576047"	"0.00134320735257935"	"0.0640160413263387"
"TUBB3"	"-1.50282482025556"	"0.000184084461558"	"0.0197961597890834"
"TXNIP"	"1.07043214164822"	"0.00650986897726473"	"0.144968445083088"
"TYRO3"	"1.05782069512383"	"0.00501457063912653"	"0.123712407414686"
"UBASH3B"	"-1.71629415732813"	"3.67483930184141e-07"	"0.00035566790842899"
"UBE2E2"	"1.93970275784287"	"0.0024181443215364"	"0.0850736819964339"
"UBE2T"	"-0.449998674889744"	"0.00274850339845029"	"0.0891562651588405"
"UBQLN4"	"0.567204776646597"	"0.00932869513812056"	"0.177301574362285"
"UBTD1"	"-1.47125425409676"	"0.000150912287969323"	"0.0172616218839093"
"UGCG"	"-0.639512208646225"	"0.00145745630843545"	"0.065191902347907"
"UQCRC1"	"0.852407218973494"	"0.00555816628055532"	"0.131206094074948"
"VAMP1"	"-0.878803957388964"	"0.0116717807165244"	"0.196498672941905"
"VAMP5"	"-1.30637468490444"	"0.00107123134671779"	"0.0559262771966938"
"VASN"	"-1.88032416146821"	"0.000214819113768544"	"0.021797210398676"
"VIM"	"-3.62781152251469"	"7.35660450408493e-05"	"0.0114272589963453"
"VIPR1"	"1.6521175789749"	"5.75111098715538e-05"	"0.00991089061917278"
"VWA1"	"-0.979903895174214"	"0.00738907309434158"	"0.157134096424532"
"WASF1"	"-0.686022504059211"	"0.0100917193251775"	"0.184624316553758"
"WBP5"	"-1.9927280145344"	"0.00115708012178375"	"0.0587031535979161"
"WBSCR27"	"1.03140163781676"	"0.0119640660796565"	"0.198592598183635"
"WDR4"	"0.738210515554417"	"0.00534799138600048"	"0.128413029806599"
"WDR5"	"0.538047030539751"	"0.00057012323547973"	"0.0402484231086724"
"WDR91"	"-0.699741418391931"	"0.0109796260307915"	"0.192392596876909"
"WNK1"	"-0.79147115028522"	"0.00217694273161682"	"0.0803234412000083"
"WNK2"	"0.892325958933474"	"0.00660312171047637"	"0.145108742581343"
"WNK4"	"1.06581997242721"	"0.0108252176697787"	"0.191265626708174"
"WSB2"	"-0.621983998265518"	"0.0100790874808379"	"0.184624316553758"
"WWC2"	"-1.17315421770014"	"0.000242770338431805"	"0.0237345593645923"
"WWTR1"	"-1.88477125023768"	"0.00132963334531343"	"0.0636100636910022"
"YBEY"	"0.933179424882291"	"0.00208571655412123"	"0.0790436315781727"
"ZBED2"	"-2.480866231996"	"0.00286001326987011"	"0.0908704216199639"
"ZBTB46"	"-1.30742093316733"	"0.00058877520641472"	"0.0407031299291758"
"ZFAND3"	"-0.597240127075842"	"0.00399728282634602"	"0.108890128668531"
"ZFP3"	"0.957174465711602"	"0.0094163317558957"	"0.177653569853101"
"ZFY"	"0.776254788141348"	"0.00663065790332405"	"0.145108742581343"
"ZFYVE21"	"0.605776215832645"	"0.00183602483285166"	"0.0742303331750625"
"ZNF10"	"-0.667210622992002"	"0.00580053513592958"	"0.133965024596696"
"ZNF175"	"-0.951432818666281"	"0.00255510910517797"	"0.0868388898714659"
"ZNF200"	"-0.445158481534861"	"0.0082674289436969"	"0.164919384834195"
"ZNF222"	"-0.698268662237878"	"0.000685124529396877"	"0.0444342104581006"
"ZNF26"	"-0.785825626255075"	"0.00658176072127557"	"0.145108742581343"
"ZNF28"	"-0.575029126918089"	"0.00453488032713199"	"0.117972058641056"
"ZNF311"	"-0.957960395870483"	"0.00310605425538417"	"0.0955510382426493"
"ZNF320"	"-0.84167691046608"	"0.00389046198314195"	"0.108158921276974"
"ZNF395"	"0.821680970416415"	"0.00307330277867465"	"0.0952421072938041"
"ZNF462"	"-0.893409344663336"	"0.00598864853309307"	"0.136502130151045"
"ZNF467"	"-2.13415170464113"	"0.000196074199139518"	"0.0203884758146564"
"ZNF503"	"-1.05561905328025"	"0.00441085787799856"	"0.115860989187845"
"ZNF512B"	"-2.07627475555659"	"0.00644942787670628"	"0.144132684804118"
"ZNF521"	"-1.05798138960461"	"0.00605603587786356"	"0.137626135526615"
"ZNF532"	"-1.39744477913937"	"0.000478570673944642"	"0.0364931892095242"
"ZNF556"	"-1.11979864009538"	"0.00605983779063303"	"0.137626135526615"
"ZNF585B"	"-0.619001250702666"	"0.00649812348661289"	"0.144963456930077"
"ZNF614"	"-0.964988629364277"	"0.00142706362043933"	"0.0649369108446802"
"ZNF680"	"-0.967815699278263"	"0.00301912647720165"	"0.0937941958917312"
"ZNF692"	"0.598150218269181"	"0.00105795693976857"	"0.0556954569714147"
