"ID"	"Description"	"GeneRatio"	"BgRatio"	"pvalue"	"p.adjust"	"qvalue"	"geneID"	"Count"
"GO:0043627"	"GO:0043627"	"response to estrogen"	"2/14"	"71/18862"	0.00123463169963885	0.117768597295147	0.0792366037145859	"RARA/BRCA1"	2
"GO:0043414"	"GO:0043414"	"macromolecule methylation"	"3/14"	"305/18862"	0.00133513609373101	0.117768597295147	0.0792366037145859	"MTO1/EEF2KMT/BRCA1"	3
"GO:0032259"	"GO:0032259"	"methylation"	"3/14"	"359/18862"	0.00212937489993629	0.117768597295147	0.0792366037145859	"MTO1/EEF2KMT/BRCA1"	3
"GO:0018022"	"GO:0018022"	"peptidyl-lysine methylation"	"2/14"	"123/18862"	0.00364650756405073	0.117768597295147	0.0792366037145859	"EEF2KMT/BRCA1"	2
"GO:0006479"	"GO:0006479"	"protein methylation"	"2/14"	"170/18862"	0.00684392592184415	0.117768597295147	0.0792366037145859	"EEF2KMT/BRCA1"	2
"GO:0008213"	"GO:0008213"	"protein alkylation"	"2/14"	"170/18862"	0.00684392592184415	0.117768597295147	0.0792366037145859	"EEF2KMT/BRCA1"	2
"GO:0032754"	"GO:0032754"	"positive regulation of interleukin-5 production"	"1/14"	"10/18862"	0.00739934824773159	0.117768597295147	0.0792366037145859	"RARA"	1
"GO:0051573"	"GO:0051573"	"negative regulation of histone H3-K9 methylation"	"1/14"	"10/18862"	0.00739934824773159	0.117768597295147	0.0792366037145859	"BRCA1"	1
"GO:0032736"	"GO:0032736"	"positive regulation of interleukin-13 production"	"1/14"	"11/18862"	0.00813648007059009	0.117768597295147	0.0792366037145859	"RARA"	1
"GO:0045628"	"GO:0045628"	"regulation of T-helper 2 cell differentiation"	"1/14"	"11/18862"	0.00813648007059009	0.117768597295147	0.0792366037145859	"RARA"	1
"GO:2000615"	"GO:2000615"	"regulation of histone H3-K9 acetylation"	"1/14"	"11/18862"	0.00813648007059009	0.117768597295147	0.0792366037145859	"BRCA1"	1
"GO:0009755"	"GO:0009755"	"hormone-mediated signaling pathway"	"2/14"	"193/18862"	0.00874180555446427	0.117768597295147	0.0792366037145859	"RARA/BRCA1"	2
"GO:0010826"	"GO:0010826"	"negative regulation of centrosome duplication"	"1/14"	"12/18862"	0.00887310355364157	0.117768597295147	0.0792366037145859	"BRCA1"	1
"GO:0046606"	"GO:0046606"	"negative regulation of centrosome cycle"	"1/14"	"12/18862"	0.00887310355364157	0.117768597295147	0.0792366037145859	"BRCA1"	1
"GO:0043970"	"GO:0043970"	"histone H3-K9 acetylation"	"1/14"	"13/18862"	0.0096092190204986	0.117768597295147	0.0792366037145859	"BRCA1"	1
"GO:0090646"	"GO:0090646"	"mitochondrial tRNA processing"	"1/14"	"13/18862"	0.0096092190204986	0.117768597295147	0.0792366037145859	"MTO1"	1
"GO:0009415"	"GO:0009415"	"response to water"	"1/14"	"14/18862"	0.0103448267945832	0.117768597295147	0.0792366037145859	"KRT8"	1
"GO:0033147"	"GO:0033147"	"negative regulation of intracellular estrogen receptor signaling pathway"	"1/14"	"14/18862"	0.0103448267945832	0.117768597295147	0.0792366037145859	"BRCA1"	1
"GO:0072425"	"GO:0072425"	"signal transduction involved in G2 DNA damage checkpoint"	"1/14"	"14/18862"	0.0103448267945832	0.117768597295147	0.0792366037145859	"BRCA1"	1
"GO:0090239"	"GO:0090239"	"regulation of histone H4 acetylation"	"1/14"	"14/18862"	0.0103448267945832	0.117768597295147	0.0792366037145859	"BRCA1"	1
"GO:0097284"	"GO:0097284"	"hepatocyte apoptotic process"	"1/14"	"14/18862"	0.0103448267945832	0.117768597295147	0.0792366037145859	"KRT8"	1
"GO:0097191"	"GO:0097191"	"extrinsic apoptotic signaling pathway"	"2/14"	"217/18862"	0.0109457831851488	0.117768597295147	0.0792366037145859	"KRT8/BRCA1"	2
"GO:0030852"	"GO:0030852"	"regulation of granulocyte differentiation"	"1/14"	"15/18862"	0.0110799271991284	0.117768597295147	0.0792366037145859	"RARA"	1
"GO:0045064"	"GO:0045064"	"T-helper 2 cell differentiation"	"1/14"	"15/18862"	0.0110799271991284	0.117768597295147	0.0792366037145859	"RARA"	1
"GO:0051315"	"GO:0051315"	"attachment of mitotic spindle microtubules to kinetochore"	"1/14"	"15/18862"	0.0110799271991284	0.117768597295147	0.0792366037145859	"RMDN1"	1
"GO:0071391"	"GO:0071391"	"cellular response to estrogen stimulus"	"1/14"	"15/18862"	0.0110799271991284	0.117768597295147	0.0792366037145859	"RARA"	1
"GO:0002830"	"GO:0002830"	"positive regulation of type 2 immune response"	"1/14"	"16/18862"	0.0118145205571807	0.117768597295147	0.0792366037145859	"RARA"	1
"GO:0006349"	"GO:0006349"	"regulation of gene expression by genetic imprinting"	"1/14"	"16/18862"	0.0118145205571807	0.117768597295147	0.0792366037145859	"BRCA1"	1
"GO:0009048"	"GO:0009048"	"dosage compensation by inactivation of X chromosome"	"1/14"	"16/18862"	0.0118145205571807	0.117768597295147	0.0792366037145859	"BRCA1"	1
"GO:0035067"	"GO:0035067"	"negative regulation of histone acetylation"	"1/14"	"16/18862"	0.0118145205571807	0.117768597295147	0.0792366037145859	"BRCA1"	1
"GO:0000963"	"GO:0000963"	"mitochondrial RNA processing"	"1/14"	"17/18862"	0.0125486071915966	0.117768597295147	0.0792366037145859	"MTO1"	1
"GO:0006978"	"GO:0006978"	"DNA damage response, signal transduction by p53 class mediator resulting in transcription of p21 class mediator"	"1/14"	"17/18862"	0.0125486071915966	0.117768597295147	0.0792366037145859	"BRCA1"	1
"GO:0033599"	"GO:0033599"	"regulation of mammary gland epithelial cell proliferation"	"1/14"	"17/18862"	0.0125486071915966	0.117768597295147	0.0792366037145859	"DEAF1"	1
"GO:0070525"	"GO:0070525"	"tRNA threonylcarbamoyladenosine metabolic process"	"1/14"	"17/18862"	0.0125486071915966	0.117768597295147	0.0792366037145859	"MTO1"	1
"GO:0002098"	"GO:0002098"	"tRNA wobble uridine modification"	"1/14"	"18/18862"	0.0132821874250438	0.117768597295147	0.0792366037145859	"MTO1"	1
"GO:0007549"	"GO:0007549"	"dosage compensation"	"1/14"	"18/18862"	0.0132821874250438	0.117768597295147	0.0792366037145859	"BRCA1"	1
"GO:0032656"	"GO:0032656"	"regulation of interleukin-13 production"	"1/14"	"18/18862"	0.0132821874250438	0.117768597295147	0.0792366037145859	"RARA"	1
"GO:0042772"	"GO:0042772"	"DNA damage response, signal transduction resulting in transcription"	"1/14"	"18/18862"	0.0132821874250438	0.117768597295147	0.0792366037145859	"BRCA1"	1
"GO:0051571"	"GO:0051571"	"positive regulation of histone H3-K4 methylation"	"1/14"	"18/18862"	0.0132821874250438	0.117768597295147	0.0792366037145859	"BRCA1"	1
"GO:0032634"	"GO:0032634"	"interleukin-5 production"	"1/14"	"19/18862"	0.014015261580003	0.117768597295147	0.0792366037145859	"RARA"	1
"GO:0032674"	"GO:0032674"	"regulation of interleukin-5 production"	"1/14"	"19/18862"	0.014015261580003	0.117768597295147	0.0792366037145859	"RARA"	1
"GO:2000757"	"GO:2000757"	"negative regulation of peptidyl-lysine acetylation"	"1/14"	"19/18862"	0.014015261580003	0.117768597295147	0.0792366037145859	"BRCA1"	1
"GO:0032616"	"GO:0032616"	"interleukin-13 production"	"1/14"	"20/18862"	0.0147478299787653	0.117768597295147	0.0792366037145859	"RARA"	1
"GO:0045717"	"GO:0045717"	"negative regulation of fatty acid biosynthetic process"	"1/14"	"20/18862"	0.0147478299787653	0.117768597295147	0.0792366037145859	"BRCA1"	1
"GO:0051570"	"GO:0051570"	"regulation of histone H3-K9 methylation"	"1/14"	"20/18862"	0.0147478299787653	0.117768597295147	0.0792366037145859	"BRCA1"	1
"GO:0002097"	"GO:0002097"	"tRNA wobble base modification"	"1/14"	"21/18862"	0.0154798929434342	0.117768597295147	0.0792366037145859	"MTO1"	1
"GO:0031061"	"GO:0031061"	"negative regulation of histone methylation"	"1/14"	"21/18862"	0.0154798929434342	0.117768597295147	0.0792366037145859	"BRCA1"	1
"GO:0043984"	"GO:0043984"	"histone H4-K16 acetylation"	"1/14"	"21/18862"	0.0154798929434342	0.117768597295147	0.0792366037145859	"BRCA1"	1
"GO:0046599"	"GO:0046599"	"regulation of centriole replication"	"1/14"	"21/18862"	0.0154798929434342	0.117768597295147	0.0792366037145859	"BRCA1"	1
"GO:0050908"	"GO:0050908"	"detection of light stimulus involved in visual perception"	"1/14"	"21/18862"	0.0154798929434342	0.117768597295147	0.0792366037145859	"BEST1"	1
"GO:0050962"	"GO:0050962"	"detection of light stimulus involved in sensory perception"	"1/14"	"21/18862"	0.0154798929434342	0.117768597295147	0.0792366037145859	"BEST1"	1
"GO:0045624"	"GO:0045624"	"positive regulation of T-helper cell differentiation"	"1/14"	"22/18862"	0.0162114507959262	0.118147640006297	0.0794916297383661	"RARA"	1
"GO:0006359"	"GO:0006359"	"regulation of transcription by RNA polymerase III"	"1/14"	"23/18862"	0.016942503857967	0.118147640006297	0.0794916297383661	"BRCA1"	1
"GO:0060706"	"GO:0060706"	"cell differentiation involved in embryonic placenta development"	"1/14"	"23/18862"	0.016942503857967	0.118147640006297	0.0794916297383661	"KRT8"	1
"GO:1901984"	"GO:1901984"	"negative regulation of protein acetylation"	"1/14"	"23/18862"	0.016942503857967	0.118147640006297	0.0794916297383661	"BRCA1"	1
"GO:0030522"	"GO:0030522"	"intracellular receptor signaling pathway"	"2/14"	"274/18862"	0.0170522367019398	0.118147640006297	0.0794916297383661	"RARA/BRCA1"	2
"GO:0032753"	"GO:0032753"	"positive regulation of interleukin-4 production"	"1/14"	"24/18862"	0.0176730524510978	0.120300778088175	0.0809402956209098	"RARA"	1
"GO:0000729"	"GO:0000729"	"DNA double-strand break processing"	"1/14"	"25/18862"	0.0184030968966699	0.121023755862846	0.0814267266792886	"BRCA1"	1
"GO:0071514"	"GO:0071514"	"genetic imprinting"	"1/14"	"25/18862"	0.0184030968966699	0.121023755862846	0.0814267266792886	"BRCA1"	1
"GO:0033598"	"GO:0033598"	"mammary gland epithelial cell proliferation"	"1/14"	"26/18862"	0.0191326375158474	0.123724389269146	0.0832437562093008	"DEAF1"	1
"GO:0071356"	"GO:0071356"	"cellular response to tumor necrosis factor"	"2/14"	"296/18862"	0.019721741857091	0.124828139387351	0.0839863770159066	"KRT8/BRCA1"	2
"GO:0010575"	"GO:0010575"	"positive regulation of vascular endothelial growth factor production"	"1/14"	"28/18862"	0.0205902085587384	0.124828139387351	0.0839863770159066	"BRCA1"	1
"GO:0044030"	"GO:0044030"	"regulation of DNA methylation"	"1/14"	"28/18862"	0.0205902085587384	0.124828139387351	0.0839863770159066	"BRCA1"	1
"GO:0051569"	"GO:0051569"	"regulation of histone H3-K4 methylation"	"1/14"	"28/18862"	0.0205902085587384	0.124828139387351	0.0839863770159066	"BRCA1"	1
"GO:0035066"	"GO:0035066"	"positive regulation of histone acetylation"	"1/14"	"29/18862"	0.0213182396238428	0.124918983730449	0.0840474985489728	"BRCA1"	1
"GO:0002828"	"GO:0002828"	"regulation of type 2 immune response"	"1/14"	"30/18862"	0.0220457681453351	0.124918983730449	0.0840474985489728	"RARA"	1
"GO:0070633"	"GO:0070633"	"transepithelial transport"	"1/14"	"30/18862"	0.0220457681453351	0.124918983730449	0.0840474985489728	"BEST1"	1
"GO:0034612"	"GO:0034612"	"response to tumor necrosis factor"	"2/14"	"320/18862"	0.0228228742400665	0.124918983730449	0.0840474985489728	"KRT8/BRCA1"	2
"GO:0032673"	"GO:0032673"	"regulation of interleukin-4 production"	"1/14"	"32/18862"	0.0234993188382068	0.124918983730449	0.0840474985489728	"RARA"	1
"GO:0043372"	"GO:0043372"	"positive regulation of CD4-positive, alpha-beta T cell differentiation"	"1/14"	"32/18862"	0.0234993188382068	0.124918983730449	0.0840474985489728	"RARA"	1
"GO:0048384"	"GO:0048384"	"retinoic acid receptor signaling pathway"	"1/14"	"32/18862"	0.0234993188382068	0.124918983730449	0.0840474985489728	"RARA"	1
"GO:0030851"	"GO:0030851"	"granulocyte differentiation"	"1/14"	"33/18862"	0.0242253416494791	0.124918983730449	0.0840474985489728	"RARA"	1
"GO:0032633"	"GO:0032633"	"interleukin-4 production"	"1/14"	"33/18862"	0.0242253416494791	0.124918983730449	0.0840474985489728	"RARA"	1
"GO:0045922"	"GO:0045922"	"negative regulation of fatty acid metabolic process"	"1/14"	"34/18862"	0.0249508631969279	0.124918983730449	0.0840474985489728	"BRCA1"	1
"GO:0051567"	"GO:0051567"	"histone H3-K9 methylation"	"1/14"	"34/18862"	0.0249508631969279	0.124918983730449	0.0840474985489728	"BRCA1"	1
"GO:2000758"	"GO:2000758"	"positive regulation of peptidyl-lysine acetylation"	"1/14"	"34/18862"	0.0249508631969279	0.124918983730449	0.0840474985489728	"BRCA1"	1
"GO:0007059"	"GO:0007059"	"chromosome segregation"	"2/14"	"337/18862"	0.025135177228939	0.124918983730449	0.0840474985489728	"RMDN1/BRCA1"	2
"GO:0008608"	"GO:0008608"	"attachment of spindle microtubules to kinetochore"	"1/14"	"35/18862"	0.0256758838000317	0.124918983730449	0.0840474985489728	"RMDN1"	1
"GO:0033144"	"GO:0033144"	"negative regulation of intracellular steroid hormone receptor signaling pathway"	"1/14"	"35/18862"	0.0256758838000317	0.124918983730449	0.0840474985489728	"BRCA1"	1
"GO:0031062"	"GO:0031062"	"positive regulation of histone methylation"	"1/14"	"36/18862"	0.0264004037780846	0.124918983730449	0.0840474985489728	"BRCA1"	1
"GO:0031572"	"GO:0031572"	"G2 DNA damage checkpoint"	"1/14"	"36/18862"	0.0264004037780846	0.124918983730449	0.0840474985489728	"BRCA1"	1
"GO:0042092"	"GO:0042092"	"type 2 immune response"	"1/14"	"36/18862"	0.0264004037780846	0.124918983730449	0.0840474985489728	"RARA"	1
"GO:0044818"	"GO:0044818"	"mitotic G2/M transition checkpoint"	"1/14"	"37/18862"	0.0271244234501928	0.126587131700618	0.0851698552950444	"BRCA1"	1
"GO:0045214"	"GO:0045214"	"sarcomere organization"	"1/14"	"38/18862"	0.0278479431352757	0.126587131700618	0.0851698552950444	"KRT8"	1
"GO:0033146"	"GO:0033146"	"regulation of intracellular estrogen receptor signaling pathway"	"1/14"	"39/18862"	0.0285709631520688	0.126587131700618	0.0851698552950444	"BRCA1"	1
"GO:0045622"	"GO:0045622"	"regulation of T-helper cell differentiation"	"1/14"	"39/18862"	0.0285709631520688	0.126587131700618	0.0851698552950444	"RARA"	1
"GO:2000516"	"GO:2000516"	"positive regulation of CD4-positive, alpha-beta T cell activation"	"1/14"	"39/18862"	0.0285709631520688	0.126587131700618	0.0851698552950444	"RARA"	1
"GO:0030488"	"GO:0030488"	"tRNA methylation"	"1/14"	"40/18862"	0.0292934838191182	0.126587131700618	0.0851698552950444	"MTO1"	1
"GO:0007099"	"GO:0007099"	"centriole replication"	"1/14"	"41/18862"	0.0300155054547858	0.126587131700618	0.0851698552950444	"BRCA1"	1
"GO:0032689"	"GO:0032689"	"negative regulation of interferon-gamma production"	"1/14"	"41/18862"	0.0300155054547858	0.126587131700618	0.0851698552950444	"RARA"	1
"GO:0070317"	"GO:0070317"	"negative regulation of G0 to G1 transition"	"1/14"	"41/18862"	0.0300155054547858	0.126587131700618	0.0851698552950444	"BRCA1"	1
"GO:1902042"	"GO:1902042"	"negative regulation of extrinsic apoptotic signaling pathway via death domain receptors"	"1/14"	"41/18862"	0.0300155054547858	0.126587131700618	0.0851698552950444	"BRCA1"	1
"GO:1902116"	"GO:1902116"	"negative regulation of organelle assembly"	"1/14"	"42/18862"	0.0307370283772462	0.126884031284319	0.0853696141033942	"BRCA1"	1
"GO:0010824"	"GO:0010824"	"regulation of centrosome duplication"	"1/14"	"44/18862"	0.0321785793543187	0.126884031284319	0.0853696141033942	"BRCA1"	1
"GO:0018023"	"GO:0018023"	"peptidyl-lysine trimethylation"	"1/14"	"45/18862"	0.0328986080443517	0.126884031284319	0.0853696141033942	"EEF2KMT"	1
"GO:0031057"	"GO:0031057"	"negative regulation of histone modification"	"1/14"	"45/18862"	0.0328986080443517	0.126884031284319	0.0853696141033942	"BRCA1"	1
"GO:0061647"	"GO:0061647"	"histone H3-K9 modification"	"1/14"	"45/18862"	0.0328986080443517	0.126884031284319	0.0853696141033942	"BRCA1"	1
"GO:0098534"	"GO:0098534"	"centriole assembly"	"1/14"	"45/18862"	0.0328986080443517	0.126884031284319	0.0853696141033942	"BRCA1"	1
"GO:1901985"	"GO:1901985"	"positive regulation of protein acetylation"	"1/14"	"45/18862"	0.0328986080443517	0.126884031284319	0.0853696141033942	"BRCA1"	1
"GO:0018205"	"GO:0018205"	"peptidyl-lysine modification"	"2/14"	"391/18862"	0.0330871607430793	0.126884031284319	0.0853696141033942	"EEF2KMT/BRCA1"	2
"GO:0070316"	"GO:0070316"	"regulation of G0 to G1 transition"	"1/14"	"46/18862"	0.0336181392920206	0.126884031284319	0.0853696141033942	"BRCA1"	1
"GO:0045787"	"GO:0045787"	"positive regulation of cell cycle"	"2/14"	"395/18862"	0.033711563460925	0.126884031284319	0.0853696141033942	"RARA/BRCA1"	2
"GO:0000959"	"GO:0000959"	"mitochondrial RNA metabolic process"	"1/14"	"47/18862"	0.0343371734145709	0.126884031284319	0.0853696141033942	"MTO1"	1
"GO:0006383"	"GO:0006383"	"transcription by RNA polymerase III"	"1/14"	"47/18862"	0.0343371734145709	0.126884031284319	0.0853696141033942	"BRCA1"	1
"GO:0045023"	"GO:0045023"	"G0 to G1 transition"	"1/14"	"47/18862"	0.0343371734145709	0.126884031284319	0.0853696141033942	"BRCA1"	1
"GO:0002762"	"GO:0002762"	"negative regulation of myeloid leukocyte differentiation"	"1/14"	"48/18862"	0.0350557107290645	0.127117904325954	0.0855269676419873	"RARA"	1
"GO:0046605"	"GO:0046605"	"regulation of centrosome cycle"	"1/14"	"48/18862"	0.0350557107290645	0.127117904325954	0.0855269676419873	"BRCA1"	1
"GO:0046638"	"GO:0046638"	"positive regulation of alpha-beta T cell differentiation"	"1/14"	"49/18862"	0.0357737515523766	0.128520514836316	0.0864706665203645	"RARA"	1
"GO:0007080"	"GO:0007080"	"mitotic metaphase plate congression"	"1/14"	"50/18862"	0.0364912962011975	0.129895623174905	0.0873958614958666	"RMDN1"	1
"GO:0043277"	"GO:0043277"	"apoptotic cell clearance"	"1/14"	"51/18862"	0.0372083449920322	0.130061602314491	0.0875075349267329	"RARA"	1
"GO:0043370"	"GO:0043370"	"regulation of CD4-positive, alpha-beta T cell differentiation"	"1/14"	"51/18862"	0.0372083449920322	0.130061602314491	0.0875075349267329	"RARA"	1
"GO:0006301"	"GO:0006301"	"postreplication repair"	"1/14"	"52/18862"	0.0379248982412007	0.131382683192731	0.0883963793591896	"BRCA1"	1
"GO:0051568"	"GO:0051568"	"histone H3-K4 methylation"	"1/14"	"53/18862"	0.0386409562648387	0.132678681688119	0.0892683479616207	"BRCA1"	1
"GO:0035065"	"GO:0035065"	"regulation of histone acetylation"	"1/14"	"54/18862"	0.0393565193788953	0.13278547407836	0.089340199596943	"BRCA1"	1
"GO:0042304"	"GO:0042304"	"regulation of fatty acid biosynthetic process"	"1/14"	"54/18862"	0.0393565193788953	0.13278547407836	0.089340199596943	"BRCA1"	1
"GO:0001819"	"GO:0001819"	"positive regulation of cytokine production"	"2/14"	"437/18862"	0.0405475697102296	0.135411755057779	0.0911072036199926	"RARA/BRCA1"	2
"GO:0010043"	"GO:0010043"	"response to zinc ion"	"1/14"	"57/18862"	0.0415002424203098	0.135411755057779	0.0911072036199926	"ZACN"	1
"GO:0030520"	"GO:0030520"	"intracellular estrogen receptor signaling pathway"	"1/14"	"57/18862"	0.0415002424203098	0.135411755057779	0.0911072036199926	"BRCA1"	1
"GO:0010574"	"GO:0010574"	"regulation of vascular endothelial growth factor production"	"1/14"	"58/18862"	0.0422138290518506	0.135411755057779	0.0911072036199926	"BRCA1"	1
"GO:0009314"	"GO:0009314"	"response to radiation"	"2/14"	"447/18862"	0.0422483275121764	0.135411755057779	0.0911072036199926	"BEST1/BRCA1"	2
"GO:0030239"	"GO:0030239"	"myofibril assembly"	"1/14"	"59/18862"	0.0429269223507909	0.135411755057779	0.0911072036199926	"KRT8"	1
"GO:0051055"	"GO:0051055"	"negative regulation of lipid biosynthetic process"	"1/14"	"59/18862"	0.0429269223507909	0.135411755057779	0.0911072036199926	"BRCA1"	1
"GO:1902041"	"GO:1902041"	"regulation of extrinsic apoptotic signaling pathway via death domain receptors"	"1/14"	"59/18862"	0.0429269223507909	0.135411755057779	0.0911072036199926	"BRCA1"	1
"GO:0043966"	"GO:0043966"	"histone H3 acetylation"	"1/14"	"60/18862"	0.0436395226319741	0.135699361484519	0.091300709843084	"BRCA1"	1
"GO:0031060"	"GO:0031060"	"regulation of histone methylation"	"1/14"	"61/18862"	0.0443516302100589	0.135699361484519	0.091300709843084	"BRCA1"	1
"GO:0010573"	"GO:0010573"	"vascular endothelial growth factor production"	"1/14"	"62/18862"	0.04506324539952	0.135699361484519	0.091300709843084	"BRCA1"	1
"GO:2000756"	"GO:2000756"	"regulation of peptidyl-lysine acetylation"	"1/14"	"62/18862"	0.04506324539952	0.135699361484519	0.091300709843084	"BRCA1"	1
"GO:0061180"	"GO:0061180"	"mammary gland epithelium development"	"1/14"	"63/18862"	0.0457743685146478	0.135699361484519	0.091300709843084	"DEAF1"	1
"GO:2000378"	"GO:2000378"	"negative regulation of reactive oxygen species metabolic process"	"1/14"	"63/18862"	0.0457743685146478	0.135699361484519	0.091300709843084	"BRCA1"	1
"GO:0042093"	"GO:0042093"	"T-helper cell differentiation"	"1/14"	"64/18862"	0.0464849998695495	0.135699361484519	0.091300709843084	"RARA"	1
"GO:0051310"	"GO:0051310"	"metaphase plate congression"	"1/14"	"64/18862"	0.0464849998695495	0.135699361484519	0.091300709843084	"RMDN1"	1
"GO:1905268"	"GO:1905268"	"negative regulation of chromatin organization"	"1/14"	"64/18862"	0.0464849998695495	0.135699361484519	0.091300709843084	"BRCA1"	1
"GO:0002294"	"GO:0002294"	"CD4-positive, alpha-beta T cell differentiation involved in immune response"	"1/14"	"66/18862"	0.0479047885541812	0.135699361484519	0.091300709843084	"RARA"	1
"GO:0009584"	"GO:0009584"	"detection of visible light"	"1/14"	"66/18862"	0.0479047885541812	0.135699361484519	0.091300709843084	"BEST1"	1
"GO:0046635"	"GO:0046635"	"positive regulation of alpha-beta T cell activation"	"1/14"	"66/18862"	0.0479047885541812	0.135699361484519	0.091300709843084	"RARA"	1
"GO:0002287"	"GO:0002287"	"alpha-beta T cell activation involved in immune response"	"1/14"	"67/18862"	0.0486139465112067	0.135699361484519	0.091300709843084	"RARA"	1
"GO:0002293"	"GO:0002293"	"alpha-beta T cell differentiation involved in immune response"	"1/14"	"67/18862"	0.0486139465112067	0.135699361484519	0.091300709843084	"RARA"	1
"GO:0046637"	"GO:0046637"	"regulation of alpha-beta T cell differentiation"	"1/14"	"67/18862"	0.0486139465112067	0.135699361484519	0.091300709843084	"RARA"	1
"GO:2000514"	"GO:2000514"	"regulation of CD4-positive, alpha-beta T cell activation"	"1/14"	"67/18862"	0.0486139465112067	0.135699361484519	0.091300709843084	"RARA"	1
"GO:0043967"	"GO:0043967"	"histone H4 acetylation"	"1/14"	"68/18862"	0.0493226139625949	0.136694101553477	0.0919699869377709	"BRCA1"	1
"GO:0032720"	"GO:0032720"	"negative regulation of tumor necrosis factor production"	"1/14"	"71/18862"	0.0514456764139096	0.13857526068235	0.0932356610125416	"RARA"	1
"GO:0051298"	"GO:0051298"	"centrosome duplication"	"1/14"	"72/18862"	0.0521523849728049	0.13857526068235	0.0932356610125416	"BRCA1"	1
"GO:0051865"	"GO:0051865"	"protein autoubiquitination"	"1/14"	"72/18862"	0.0521523849728049	0.13857526068235	0.0932356610125416	"BRCA1"	1
"GO:0002292"	"GO:0002292"	"T cell differentiation involved in immune response"	"1/14"	"73/18862"	0.0528586045901748	0.13857526068235	0.0932356610125416	"RARA"	1
"GO:0033143"	"GO:0033143"	"regulation of intracellular steroid hormone receptor signaling pathway"	"1/14"	"73/18862"	0.0528586045901748	0.13857526068235	0.0932356610125416	"BRCA1"	1
"GO:0072401"	"GO:0072401"	"signal transduction involved in DNA integrity checkpoint"	"1/14"	"73/18862"	0.0528586045901748	0.13857526068235	0.0932356610125416	"BRCA1"	1
"GO:0072422"	"GO:0072422"	"signal transduction involved in DNA damage checkpoint"	"1/14"	"73/18862"	0.0528586045901748	0.13857526068235	0.0932356610125416	"BRCA1"	1
"GO:1903556"	"GO:1903556"	"negative regulation of tumor necrosis factor superfamily cytokine production"	"1/14"	"73/18862"	0.0528586045901748	0.13857526068235	0.0932356610125416	"RARA"	1
"GO:0045739"	"GO:0045739"	"positive regulation of DNA repair"	"1/14"	"74/18862"	0.0535643355782927	0.139412033797383	0.0937986554035569	"BRCA1"	1
"GO:0006305"	"GO:0006305"	"DNA alkylation"	"1/14"	"75/18862"	0.0542695782492475	0.139412033797383	0.0937986554035569	"BRCA1"	1
"GO:0006306"	"GO:0006306"	"DNA methylation"	"1/14"	"75/18862"	0.0542695782492475	0.139412033797383	0.0937986554035569	"BRCA1"	1
"GO:0072395"	"GO:0072395"	"signal transduction involved in cell cycle checkpoint"	"1/14"	"76/18862"	0.0549743329149476	0.139412033797383	0.0937986554035569	"BRCA1"	1
"GO:1901983"	"GO:1901983"	"regulation of protein acetylation"	"1/14"	"76/18862"	0.0549743329149476	0.139412033797383	0.0937986554035569	"BRCA1"	1
"GO:0009583"	"GO:0009583"	"detection of light stimulus"	"1/14"	"77/18862"	0.055678599887118	0.140281147767544	0.094383409241321	"BEST1"	1
"GO:0001892"	"GO:0001892"	"embryonic placenta development"	"1/14"	"79/18862"	0.0570856719968553	0.141982312402435	0.0955279801296904	"KRT8"	1
"GO:0051303"	"GO:0051303"	"establishment of chromosome localization"	"1/14"	"79/18862"	0.0570856719968553	0.141982312402435	0.0955279801296904	"RMDN1"	1
"GO:0043367"	"GO:0043367"	"CD4-positive, alpha-beta T cell differentiation"	"1/14"	"81/18862"	0.0584907970686094	0.143542128338347	0.0965774493432176	"RARA"	1
"GO:0050000"	"GO:0050000"	"chromosome localization"	"1/14"	"81/18862"	0.0584907970686094	0.143542128338347	0.0965774493432176	"RMDN1"	1
"GO:0001843"	"GO:0001843"	"neural tube closure"	"1/14"	"82/18862"	0.0591926302426172	0.143542128338347	0.0965774493432176	"DEAF1"	1
"GO:0071158"	"GO:0071158"	"positive regulation of cell cycle arrest"	"1/14"	"82/18862"	0.0591926302426172	0.143542128338347	0.0965774493432176	"BRCA1"	1
"GO:0060606"	"GO:0060606"	"tube closure"	"1/14"	"83/18862"	0.0598939775896143	0.144238022668584	0.0970456582252	"DEAF1"	1
"GO:0001510"	"GO:0001510"	"RNA methylation"	"1/14"	"84/18862"	0.0605948394200493	0.144238022668584	0.0970456582252	"MTO1"	1
"GO:0008625"	"GO:0008625"	"extrinsic apoptotic signaling pathway via death domain receptors"	"1/14"	"84/18862"	0.0605948394200493	0.144238022668584	0.0970456582252	"BRCA1"	1
"GO:0031058"	"GO:0031058"	"positive regulation of histone modification"	"1/14"	"86/18862"	0.0619951077721228	0.146671352534047	0.098682841639836	"BRCA1"	1
"GO:0014020"	"GO:0014020"	"primary neural tube formation"	"1/14"	"88/18862"	0.0633934377787944	0.148021715182125	0.0995913873173281	"DEAF1"	1
"GO:0045582"	"GO:0045582"	"positive regulation of T cell differentiation"	"1/14"	"88/18862"	0.0633934377787944	0.148021715182125	0.0995913873173281	"RARA"	1
"GO:0006400"	"GO:0006400"	"tRNA modification"	"1/14"	"89/18862"	0.0640918766767966	0.148021715182125	0.0995913873173281	"MTO1"	1
"GO:0097306"	"GO:0097306"	"cellular response to alcohol"	"1/14"	"89/18862"	0.0640918766767966	0.148021715182125	0.0995913873173281	"BRCA1"	1
"GO:0045638"	"GO:0045638"	"negative regulation of myeloid cell differentiation"	"1/14"	"92/18862"	0.0661842926612397	0.151949736997402	0.102234223481703	"RARA"	1
"GO:0001841"	"GO:0001841"	"neural tube formation"	"1/14"	"96/18862"	0.0689674238490015	0.152377290587746	0.102521888404126	"DEAF1"	1
"GO:1902476"	"GO:1902476"	"chloride transmembrane transport"	"1/14"	"96/18862"	0.0689674238490015	0.152377290587746	0.102521888404126	"BEST1"	1
"GO:0006303"	"GO:0006303"	"double-strand break repair via nonhomologous end joining"	"1/14"	"98/18862"	0.0703560992264582	0.152377290587746	0.102521888404126	"BRCA1"	1
"GO:0019217"	"GO:0019217"	"regulation of fatty acid metabolic process"	"1/14"	"98/18862"	0.0703560992264582	0.152377290587746	0.102521888404126	"BRCA1"	1
"GO:0044728"	"GO:0044728"	"DNA methylation or demethylation"	"1/14"	"99/18862"	0.0710497154389306	0.152377290587746	0.102521888404126	"BRCA1"	1
"GO:0008630"	"GO:0008630"	"intrinsic apoptotic signaling pathway in response to DNA damage"	"1/14"	"100/18862"	0.0717428510773602	0.152377290587746	0.102521888404126	"BRCA1"	1
"GO:0010927"	"GO:0010927"	"cellular component assembly involved in morphogenesis"	"1/14"	"100/18862"	0.0717428510773602	0.152377290587746	0.102521888404126	"KRT8"	1
"GO:0010972"	"GO:0010972"	"negative regulation of G2/M transition of mitotic cell cycle"	"1/14"	"100/18862"	0.0717428510773602	0.152377290587746	0.102521888404126	"BRCA1"	1
"GO:0035710"	"GO:0035710"	"CD4-positive, alpha-beta T cell activation"	"1/14"	"100/18862"	0.0717428510773602	0.152377290587746	0.102521888404126	"RARA"	1
"GO:0045833"	"GO:0045833"	"negative regulation of lipid metabolic process"	"1/14"	"100/18862"	0.0717428510773602	0.152377290587746	0.102521888404126	"BRCA1"	1
"GO:1905269"	"GO:1905269"	"positive regulation of chromatin organization"	"1/14"	"100/18862"	0.0717428510773602	0.152377290587746	0.102521888404126	"BRCA1"	1
"GO:0045621"	"GO:0045621"	"positive regulation of lymphocyte differentiation"	"1/14"	"101/18862"	0.0724355064491179	0.152377290587746	0.102521888404126	"RARA"	1
"GO:0046634"	"GO:0046634"	"regulation of alpha-beta T cell activation"	"1/14"	"101/18862"	0.0724355064491179	0.152377290587746	0.102521888404126	"RARA"	1
"GO:0062014"	"GO:0062014"	"negative regulation of small molecule metabolic process"	"1/14"	"101/18862"	0.0724355064491179	0.152377290587746	0.102521888404126	"BRCA1"	1
"GO:1902106"	"GO:1902106"	"negative regulation of leukocyte differentiation"	"1/14"	"101/18862"	0.0724355064491179	0.152377290587746	0.102521888404126	"RARA"	1
"GO:0032526"	"GO:0032526"	"response to retinoic acid"	"1/14"	"103/18862"	0.0738193776211989	0.152377290587746	0.102521888404126	"RARA"	1
"GO:0055002"	"GO:0055002"	"striated muscle cell development"	"1/14"	"103/18862"	0.0738193776211989	0.152377290587746	0.102521888404126	"KRT8"	1
"GO:2001237"	"GO:2001237"	"negative regulation of extrinsic apoptotic signaling pathway"	"1/14"	"103/18862"	0.0738193776211989	0.152377290587746	0.102521888404126	"BRCA1"	1
"GO:1903707"	"GO:1903707"	"negative regulation of hemopoiesis"	"1/14"	"105/18862"	0.0752013314105368	0.152377290587746	0.102521888404126	"RARA"	1
"GO:0000726"	"GO:0000726"	"non-recombinational repair"	"1/14"	"106/18862"	0.0758915900531902	0.152377290587746	0.102521888404126	"BRCA1"	1
"GO:0030330"	"GO:0030330"	"DNA damage response, signal transduction by p53 class mediator"	"1/14"	"106/18862"	0.0758915900531902	0.152377290587746	0.102521888404126	"BRCA1"	1
"GO:0021987"	"GO:0021987"	"cerebral cortex development"	"1/14"	"107/18862"	0.0765813702696145	0.152377290587746	0.102521888404126	"CCDC85C"	1
"GO:0032649"	"GO:0032649"	"regulation of interferon-gamma production"	"1/14"	"107/18862"	0.0765813702696145	0.152377290587746	0.102521888404126	"RARA"	1
"GO:0034968"	"GO:0034968"	"histone lysine methylation"	"1/14"	"107/18862"	0.0765813702696145	0.152377290587746	0.102521888404126	"BRCA1"	1
"GO:0046632"	"GO:0046632"	"alpha-beta T cell differentiation"	"1/14"	"107/18862"	0.0765813702696145	0.152377290587746	0.102521888404126	"RARA"	1
"GO:2001022"	"GO:2001022"	"positive regulation of response to DNA damage stimulus"	"1/14"	"107/18862"	0.0765813702696145	0.152377290587746	0.102521888404126	"BRCA1"	1
"GO:0071156"	"GO:0071156"	"regulation of cell cycle arrest"	"1/14"	"108/18862"	0.0772706723659208	0.152964392234578	0.10291689982142	"BRCA1"	1
"GO:0006821"	"GO:0006821"	"chloride transport"	"1/14"	"109/18862"	0.0779594966480407	0.153544592382943	0.103307267799701	"BEST1"	1
"GO:0002286"	"GO:0002286"	"T cell activation involved in immune response"	"1/14"	"111/18862"	0.0793357129925506	0.154684706739244	0.104074355049736	"RARA"	1
"GO:1902750"	"GO:1902750"	"negative regulation of cell cycle G2/M phase transition"	"1/14"	"111/18862"	0.0793357129925506	0.154684706739244	0.104074355049736	"BRCA1"	1
"GO:0032609"	"GO:0032609"	"interferon-gamma production"	"1/14"	"112/18862"	0.080023105665907	0.155027170484355	0.104304770157678	"RARA"	1
"GO:0030518"	"GO:0030518"	"intracellular steroid hormone receptor signaling pathway"	"1/14"	"113/18862"	0.0807100217470098	0.155027170484355	0.104304770157678	"BRCA1"	1
"GO:0070268"	"GO:0070268"	"cornification"	"1/14"	"113/18862"	0.0807100217470098	0.155027170484355	0.104304770157678	"KRT8"	1
"GO:0001838"	"GO:0001838"	"embryonic epithelial tube formation"	"1/14"	"114/18862"	0.0813964615408945	0.155575502846636	0.104673696977661	"DEAF1"	1
"GO:1904019"	"GO:1904019"	"epithelial cell apoptotic process"	"1/14"	"116/18862"	0.0827679134862555	0.156948730808719	0.105597626805649	"KRT8"	1
"GO:0048706"	"GO:0048706"	"embryonic skeletal system development"	"1/14"	"117/18862"	0.0834529262469078	0.156948730808719	0.105597626805649	"DEAF1"	1
"GO:0002761"	"GO:0002761"	"regulation of myeloid leukocyte differentiation"	"1/14"	"118/18862"	0.0841374639386947	0.156948730808719	0.105597626805649	"RARA"	1
"GO:0007052"	"GO:0007052"	"mitotic spindle organization"	"1/14"	"118/18862"	0.0841374639386947	0.156948730808719	0.105597626805649	"RMDN1"	1
"GO:0031398"	"GO:0031398"	"positive regulation of protein ubiquitination"	"1/14"	"118/18862"	0.0841374639386947	0.156948730808719	0.105597626805649	"BRCA1"	1
"GO:0001101"	"GO:0001101"	"response to acid chemical"	"1/14"	"119/18862"	0.0848215268657574	0.157467714946956	0.10594680766914	"KRT8"	1
"GO:0098661"	"GO:0098661"	"inorganic anion transmembrane transport"	"1/14"	"120/18862"	0.0855051153320576	0.157980879756373	0.106292073194738	"BEST1"	1
"GO:0006304"	"GO:0006304"	"DNA modification"	"1/14"	"121/18862"	0.0861882296413818	0.158488308534863	0.106633479426604	"BRCA1"	1
"GO:0072175"	"GO:0072175"	"epithelial tube formation"	"1/14"	"125/18862"	0.0889159513783602	0.162732967616999	0.10948935422956	"DEAF1"	1
"GO:0007098"	"GO:0007098"	"centrosome cycle"	"1/14"	"129/18862"	0.0916361108601474	0.165825041214194	0.111569751006837	"BRCA1"	1
"GO:0006282"	"GO:0006282"	"regulation of DNA repair"	"1/14"	"130/18862"	0.0923149713975926	0.165825041214194	0.111569751006837	"BRCA1"	1
"GO:0008033"	"GO:0008033"	"tRNA processing"	"1/14"	"130/18862"	0.0923149713975926	0.165825041214194	0.111569751006837	"MTO1"	1
"GO:0016571"	"GO:0016571"	"histone methylation"	"1/14"	"130/18862"	0.0923149713975926	0.165825041214194	0.111569751006837	"BRCA1"	1
"GO:0042770"	"GO:0042770"	"signal transduction in response to DNA damage"	"1/14"	"131/18862"	0.0929933608061145	0.166273843284666	0.111871712247957	"BRCA1"	1
"GO:0030879"	"GO:0030879"	"mammary gland development"	"1/14"	"132/18862"	0.0936712793875419	0.166717689919111	0.112170339392131	"DEAF1"	1
"GO:0043401"	"GO:0043401"	"steroid hormone mediated signaling pathway"	"1/14"	"134/18862"	0.0950257052755393	0.168356044049814	0.113272650364498	"BRCA1"	1
"GO:0001890"	"GO:0001890"	"placenta development"	"1/14"	"135/18862"	0.0957022131848811	0.168783903253336	0.113560520908376	"KRT8"	1
"GO:1903322"	"GO:1903322"	"positive regulation of protein modification by small protein conjugation or removal"	"1/14"	"137/18862"	0.0970538204398477	0.170098022994278	0.114444681775857	"BRCA1"	1
"GO:0000724"	"GO:0000724"	"double-strand break repair via homologous recombination"	"1/14"	"138/18862"	0.0977289203871821	0.170098022994278	0.114444681775857	"BRCA1"	1
"GO:0000725"	"GO:0000725"	"recombinational repair"	"1/14"	"140/18862"	0.0990777144245021	0.170098022994278	0.114444681775857	"BRCA1"	1
"GO:0016331"	"GO:0016331"	"morphogenesis of embryonic epithelium"	"1/14"	"140/18862"	0.0990777144245021	0.170098022994278	0.114444681775857	"DEAF1"	1
"GO:0031023"	"GO:0031023"	"microtubule organizing center organization"	"1/14"	"140/18862"	0.0990777144245021	0.170098022994278	0.114444681775857	"BRCA1"	1
"GO:0035148"	"GO:0035148"	"tube formation"	"1/14"	"140/18862"	0.0990777144245021	0.170098022994278	0.114444681775857	"DEAF1"	1
"GO:0031056"	"GO:0031056"	"regulation of histone modification"	"1/14"	"141/18862"	0.0997514091151365	0.170151784991457	0.114480853711018	"BRCA1"	1
"GO:0009581"	"GO:0009581"	"detection of external stimulus"	"1/14"	"142/18862"	0.100424635987226	0.170151784991457	0.114480853711018	"BEST1"	1
"GO:0010212"	"GO:0010212"	"response to ionizing radiation"	"1/14"	"142/18862"	0.100424635987226	0.170151784991457	0.114480853711018	"BRCA1"	1
"GO:1902850"	"GO:1902850"	"microtubule cytoskeleton organization involved in mitosis"	"1/14"	"143/18862"	0.101097395340654	0.170546910400756	0.114746700432413	"RMDN1"	1
"GO:0009582"	"GO:0009582"	"detection of abiotic stimulus"	"1/14"	"145/18862"	0.102441512690181	0.171324598809441	0.115269941684051	"BEST1"	1
"GO:0021915"	"GO:0021915"	"neural tube development"	"1/14"	"145/18862"	0.102441512690181	0.171324598809441	0.115269941684051	"DEAF1"	1
"GO:0045580"	"GO:0045580"	"regulation of T cell differentiation"	"1/14"	"146/18862"	0.103112871285166	0.171707270637959	0.115527409436283	"RARA"	1
"GO:0000077"	"GO:0000077"	"DNA damage checkpoint"	"1/14"	"148/18862"	0.104454189811477	0.173197545499372	0.116530090298004	"BRCA1"	1
"GO:0046631"	"GO:0046631"	"alpha-beta T cell activation"	"1/14"	"149/18862"	0.105124150340634	0.173566682264536	0.116778451442227	"RARA"	1
"GO:0016573"	"GO:0016573"	"histone acetylation"	"1/14"	"153/18862"	0.107799341197105	0.176088649806918	0.118475271709483	"BRCA1"	1
"GO:1902107"	"GO:1902107"	"positive regulation of leukocyte differentiation"	"1/14"	"154/18862"	0.108466977587251	0.176088649806918	0.118475271709483	"RARA"	1
"GO:1903708"	"GO:1903708"	"positive regulation of hemopoiesis"	"1/14"	"154/18862"	0.108466977587251	0.176088649806918	0.118475271709483	"RARA"	1
"GO:2001236"	"GO:2001236"	"regulation of extrinsic apoptotic signaling pathway"	"1/14"	"154/18862"	0.108466977587251	0.176088649806918	0.118475271709483	"BRCA1"	1
"GO:0021543"	"GO:0021543"	"pallium development"	"1/14"	"156/18862"	0.109800858863817	0.17677482671851	0.118936942556132	"CCDC85C"	1
"GO:0031570"	"GO:0031570"	"DNA integrity checkpoint"	"1/14"	"156/18862"	0.109800858863817	0.17677482671851	0.118936942556132	"BRCA1"	1
"GO:0018393"	"GO:0018393"	"internal peptidyl-lysine acetylation"	"1/14"	"158/18862"	0.111132886785206	0.177380767181887	0.119344629031763	"BRCA1"	1
"GO:0051494"	"GO:0051494"	"negative regulation of cytoskeleton organization"	"1/14"	"158/18862"	0.111132886785206	0.177380767181887	0.119344629031763	"BRCA1"	1
"GO:0007093"	"GO:0007093"	"mitotic cell cycle checkpoint"	"1/14"	"159/18862"	0.111798206480726	0.177380767181887	0.119344629031763	"BRCA1"	1
"GO:0006475"	"GO:0006475"	"internal protein amino acid acetylation"	"1/14"	"160/18862"	0.112463063728722	0.177380767181887	0.119344629031763	"BRCA1"	1
"GO:0032680"	"GO:0032680"	"regulation of tumor necrosis factor production"	"1/14"	"160/18862"	0.112463063728722	0.177380767181887	0.119344629031763	"RARA"	1
"GO:0032640"	"GO:0032640"	"tumor necrosis factor production"	"1/14"	"162/18862"	0.113791392068872	0.178662940723277	0.120207295983106	"RARA"	1
"GO:0000070"	"GO:0000070"	"mitotic sister chromatid segregation"	"1/14"	"164/18862"	0.11511787417737	0.178662940723277	0.120207295983106	"RMDN1"	1
"GO:1903555"	"GO:1903555"	"regulation of tumor necrosis factor superfamily cytokine production"	"1/14"	"164/18862"	0.11511787417737	0.178662940723277	0.120207295983106	"RARA"	1
"GO:2001252"	"GO:2001252"	"positive regulation of chromosome organization"	"1/14"	"164/18862"	0.11511787417737	0.178662940723277	0.120207295983106	"BRCA1"	1
"GO:0140053"	"GO:0140053"	"mitochondrial gene expression"	"1/14"	"165/18862"	0.115780423635147	0.17897531621688	0.120417467232193	"MTO1"	1
"GO:0071706"	"GO:0071706"	"tumor necrosis factor superfamily cytokine production"	"1/14"	"167/18862"	0.117104140837029	0.179187999838669	0.120560564188795	"RARA"	1
"GO:0006633"	"GO:0006633"	"fatty acid biosynthetic process"	"1/14"	"168/18862"	0.117765309172321	0.179187999838669	0.120560564188795	"BRCA1"	1
"GO:0018394"	"GO:0018394"	"peptidyl-lysine acetylation"	"1/14"	"168/18862"	0.117765309172321	0.179187999838669	0.120560564188795	"BRCA1"	1
"GO:0055001"	"GO:0055001"	"muscle cell development"	"1/14"	"168/18862"	0.117765309172321	0.179187999838669	0.120560564188795	"KRT8"	1
"GO:0009451"	"GO:0009451"	"RNA modification"	"1/14"	"169/18862"	0.118426017724347	0.179489433113464	0.120763373337328	"MTO1"	1
"GO:0051099"	"GO:0051099"	"positive regulation of binding"	"1/14"	"170/18862"	0.119086266788268	0.179787826902132	0.120964137470778	"RARA"	1
"GO:0015698"	"GO:0015698"	"inorganic anion transport"	"1/14"	"171/18862"	0.119746056659066	0.180083216991154	0.121162880666864	"BEST1"	1
"GO:0033209"	"GO:0033209"	"tumor necrosis factor-mediated signaling pathway"	"1/14"	"174/18862"	0.121722674059976	0.181235436948895	0.121938112759973	"KRT8"	1
"GO:0045619"	"GO:0045619"	"regulation of lymphocyte differentiation"	"1/14"	"175/18862"	0.122380630104666	0.181235436948895	0.121938112759973	"RARA"	1
"GO:0045766"	"GO:0045766"	"positive regulation of angiogenesis"	"1/14"	"175/18862"	0.122380630104666	0.181235436948895	0.121938112759973	"BRCA1"	1
"GO:1904018"	"GO:1904018"	"positive regulation of vasculature development"	"1/14"	"175/18862"	0.122380630104666	0.181235436948895	0.121938112759973	"BRCA1"	1
"GO:1901796"	"GO:1901796"	"regulation of signal transduction by p53 class mediator"	"1/14"	"177/18862"	0.123695169325591	0.182485649043078	0.122779275536308	"BRCA1"	1
"GO:0006399"	"GO:0006399"	"tRNA metabolic process"	"1/14"	"179/18862"	0.125007880014011	0.183723702444834	0.123612257749101	"MTO1"	1
"GO:0007051"	"GO:0007051"	"spindle organization"	"1/14"	"182/18862"	0.126973522683898	0.185908403023972	0.12508215938672	"RMDN1"	1
"GO:0010565"	"GO:0010565"	"regulation of cellular ketone metabolic process"	"1/14"	"185/18862"	0.128935064351391	0.187366310742846	0.1260630631151	"BRCA1"	1
"GO:1902275"	"GO:1902275"	"regulation of chromatin organization"	"1/14"	"185/18862"	0.128935064351391	0.187366310742846	0.1260630631151	"BRCA1"	1
"GO:0006367"	"GO:0006367"	"transcription initiation from RNA polymerase II promoter"	"1/14"	"187/18862"	0.130240484363136	0.187856163319319	0.126392643795961	"RARA"	1
"GO:1902115"	"GO:1902115"	"regulation of organelle assembly"	"1/14"	"187/18862"	0.130240484363136	0.187856163319319	0.126392643795961	"BRCA1"	1
"GO:0002285"	"GO:0002285"	"lymphocyte activation involved in immune response"	"1/14"	"189/18862"	0.13154408755525	0.189033725820138	0.127184926759073	"RARA"	1
"GO:0031032"	"GO:0031032"	"actomyosin structure organization"	"1/14"	"191/18862"	0.13284587626204	0.190199999961888	0.127969614732903	"KRT8"	1
"GO:2000377"	"GO:2000377"	"regulation of reactive oxygen species metabolic process"	"1/14"	"192/18862"	0.133496090912157	0.190428247330577	0.128123183228386	"BRCA1"	1
"GO:0051054"	"GO:0051054"	"positive regulation of DNA metabolic process"	"1/14"	"198/18862"	0.137387881300941	0.195261897233572	0.131375340515263	"BRCA1"	1
"GO:0000819"	"GO:0000819"	"sister chromatid segregation"	"1/14"	"199/18862"	0.138034932825898	0.195465525315505	0.131512344759211	"RMDN1"	1
"GO:0006473"	"GO:0006473"	"protein acetylation"	"1/14"	"200/18862"	0.138681533637152	0.195667036549873	0.13164792475412	"BRCA1"	1
"GO:0071383"	"GO:0071383"	"cellular response to steroid hormone stimulus"	"1/14"	"201/18862"	0.139327684024521	0.195866454353313	0.131782096255077	"BRCA1"	1
"GO:0010389"	"GO:0010389"	"regulation of G2/M transition of mitotic cell cycle"	"1/14"	"203/18862"	0.140618634686017	0.19594384841529	0.131834168222984	"BRCA1"	1
"GO:0046890"	"GO:0046890"	"regulation of lipid biosynthetic process"	"1/14"	"203/18862"	0.140618634686017	0.19594384841529	0.131834168222984	"BRCA1"	1
"GO:0002573"	"GO:0002573"	"myeloid leukocyte differentiation"	"1/14"	"204/18862"	0.141263435538924	0.19594384841529	0.131834168222984	"RARA"	1
"GO:0031396"	"GO:0031396"	"regulation of protein ubiquitination"	"1/14"	"205/18862"	0.141907787125507	0.19594384841529	0.131834168222984	"BRCA1"	1
"GO:0040029"	"GO:0040029"	"regulation of gene expression, epigenetic"	"1/14"	"205/18862"	0.141907787125507	0.19594384841529	0.131834168222984	"BRCA1"	1
"GO:0000075"	"GO:0000075"	"cell cycle checkpoint"	"1/14"	"209/18862"	0.144480706585308	0.198789057287587	0.133748470448512	"BRCA1"	1
"GO:0050870"	"GO:0050870"	"positive regulation of T cell activation"	"1/14"	"212/18862"	0.146405693025985	0.200725826480856	0.135051559867749	"RARA"	1
"GO:0007601"	"GO:0007601"	"visual perception"	"1/14"	"215/18862"	0.148326656831218	0.202643460741242	0.13634177499682	"BEST1"	1
"GO:0002699"	"GO:0002699"	"positive regulation of immune effector process"	"1/14"	"219/18862"	0.150881697883543	0.20397943825371	0.137240642124037	"RARA"	1
"GO:0050953"	"GO:0050953"	"sensory perception of light stimulus"	"1/14"	"219/18862"	0.150881697883543	0.20397943825371	0.137240642124037	"BEST1"	1
"GO:1902749"	"GO:1902749"	"regulation of cell cycle G2/M phase transition"	"1/14"	"219/18862"	0.150881697883543	0.20397943825371	0.137240642124037	"BRCA1"	1
"GO:2001020"	"GO:2001020"	"regulation of response to DNA damage stimulus"	"1/14"	"221/18862"	0.152156547564461	0.204988682135455	0.137919677616909	"BRCA1"	1
"GO:0072330"	"GO:0072330"	"monocarboxylic acid biosynthetic process"	"1/14"	"224/18862"	0.15406548997273	0.206129000377308	0.138686902044418	"BRCA1"	1
"GO:2001234"	"GO:2001234"	"negative regulation of apoptotic signaling pathway"	"1/14"	"224/18862"	0.15406548997273	0.206129000377308	0.138686902044418	"BRCA1"	1
"GO:0031424"	"GO:0031424"	"keratinization"	"1/14"	"225/18862"	0.154700916689137	0.206267888918849	0.138780348485824	"KRT8"	1
"GO:0032886"	"GO:0032886"	"regulation of microtubule-based process"	"1/14"	"227/18862"	0.155970440706118	0.207248393814979	0.139440047927604	"BRCA1"	1
"GO:0021537"	"GO:0021537"	"telencephalon development"	"1/14"	"231/18862"	0.158504179062197	0.209896319031168	0.141221614540775	"CCDC85C"	1
"GO:0097305"	"GO:0097305"	"response to alcohol"	"1/14"	"233/18862"	0.159768397958345	0.210850810911013	0.141863812007409	"BRCA1"	1
"GO:1903039"	"GO:1903039"	"positive regulation of leukocyte cell-cell adhesion"	"1/14"	"234/18862"	0.160399845831477	0.210966576890214	0.141941701217507	"RARA"	1
"GO:0007050"	"GO:0007050"	"cell cycle arrest"	"1/14"	"235/18862"	0.161030853033451	0.211080983030334	0.14201867550603	"BRCA1"	1
"GO:1903320"	"GO:1903320"	"regulation of protein modification by small protein conjugation or removal"	"1/14"	"237/18862"	0.16229154655932	0.212017239276149	0.142648603745211	"BRCA1"	1
"GO:0051924"	"GO:0051924"	"regulation of calcium ion transport"	"1/14"	"238/18862"	0.162921233450497	0.212125632814741	0.14272153265886	"BEST1"	1
"GO:0043543"	"GO:0043543"	"protein acylation"	"1/14"	"242/18862"	0.165435588480614	0.214678957627018	0.144439450600923	"BRCA1"	1
"GO:0030217"	"GO:0030217"	"T cell differentiation"	"1/14"	"246/18862"	0.167942929031975	0.217206188214688	0.146139811929579	"RARA"	1
"GO:0010959"	"GO:0010959"	"regulation of metal ion transport"	"1/14"	"247/18862"	0.16856867027572	0.217291176302258	0.146196993279869	"BEST1"	1
"GO:0006352"	"GO:0006352"	"DNA-templated transcription, initiation"	"1/14"	"249/18862"	0.16981884206408	0.218177850069083	0.146793561630853	"RARA"	1
"GO:1901991"	"GO:1901991"	"negative regulation of mitotic cell cycle phase transition"	"1/14"	"250/18862"	0.170443273171967	0.218257392708658	0.146847079196275	"BRCA1"	1
"GO:0042180"	"GO:0042180"	"cellular ketone metabolic process"	"1/14"	"254/18862"	0.172936638925308	0.22072176283888	0.148505146999572	"BRCA1"	1
"GO:0000086"	"GO:0000086"	"G2/M transition of mitotic cell cycle"	"1/14"	"258/18862"	0.17542304427414	0.222431833916229	0.149655710285472	"BRCA1"	1
"GO:0045637"	"GO:0045637"	"regulation of myeloid cell differentiation"	"1/14"	"258/18862"	0.17542304427414	0.222431833916229	0.149655710285472	"RARA"	1
"GO:0007281"	"GO:0007281"	"germ cell development"	"1/14"	"261/18862"	0.177283291313725	0.224058361660343	0.150750064275	"DEAF1"	1
"GO:0072331"	"GO:0072331"	"signal transduction by p53 class mediator"	"1/14"	"263/18862"	0.178521290217249	0.224890456507444	0.151309911052214	"BRCA1"	1
"GO:0006302"	"GO:0006302"	"double-strand break repair"	"1/14"	"268/18862"	0.181608723501195	0.227303821672463	0.152933661895743	"BRCA1"	1
"GO:1901988"	"GO:1901988"	"negative regulation of cell cycle phase transition"	"1/14"	"268/18862"	0.181608723501195	0.227303821672463	0.152933661895743	"BRCA1"	1
"GO:0051146"	"GO:0051146"	"striated muscle cell differentiation"	"1/14"	"269/18862"	0.182224915706797	0.227341695479863	0.152959144001644	"KRT8"	1
"GO:0033044"	"GO:0033044"	"regulation of chromosome organization"	"1/14"	"273/18862"	0.184685378968023	0.228939064024258	0.154033879213283	"BRCA1"	1
"GO:0098813"	"GO:0098813"	"nuclear chromosome segregation"	"1/14"	"273/18862"	0.184685378968023	0.228939064024258	0.154033879213283	"RMDN1"	1
"GO:0022409"	"GO:0022409"	"positive regulation of cell-cell adhesion"	"1/14"	"276/18862"	0.186526213351645	0.229752923112503	0.154581456679058	"RARA"	1
"GO:0044839"	"GO:0044839"	"cell cycle G2/M phase transition"	"1/14"	"276/18862"	0.186526213351645	0.229752923112503	0.154581456679058	"BRCA1"	1
"GO:1902105"	"GO:1902105"	"regulation of leukocyte differentiation"	"1/14"	"279/18862"	0.188363187715049	0.231281382384301	0.155609828625357	"RARA"	1
"GO:0006260"	"GO:0006260"	"DNA replication"	"1/14"	"280/18862"	0.188974656012525	0.231300209882839	0.155622496068757	"BRCA1"	1
"GO:0072593"	"GO:0072593"	"reactive oxygen species metabolic process"	"1/14"	"281/18862"	0.1895856965257	0.231318397018779	0.155634732665918	"BRCA1"	1
"GO:0016579"	"GO:0016579"	"protein deubiquitination"	"1/14"	"283/18862"	0.190806495304075	0.231352875556191	0.15565793037964	"BRCA1"	1
"GO:0097193"	"GO:0097193"	"intrinsic apoptotic signaling pathway"	"1/14"	"283/18862"	0.190806495304075	0.231352875556191	0.15565793037964	"BRCA1"	1
"GO:0140014"	"GO:0140014"	"mitotic nuclear division"	"1/14"	"296/18862"	0.198700157583584	0.240173399197603	0.161592520349988	"RMDN1"	1
"GO:0006310"	"GO:0006310"	"DNA recombination"	"1/14"	"299/18862"	0.200511588806594	0.241586522739336	0.162543292564718	"BRCA1"	1
"GO:0070646"	"GO:0070646"	"protein modification by small protein removal"	"1/14"	"300/18862"	0.201114553723725	0.241586522739336	0.162543292564718	"BRCA1"	1
"GO:0030216"	"GO:0030216"	"keratinocyte differentiation"	"1/14"	"302/18862"	0.202319216961499	0.242256354896215	0.162993966397888	"KRT8"	1
"GO:0090068"	"GO:0090068"	"positive regulation of cell cycle process"	"1/14"	"303/18862"	0.202920915828015	0.242256354896215	0.162993966397888	"BRCA1"	1
"GO:0060562"	"GO:0060562"	"epithelial tube morphogenesis"	"1/14"	"309/18862"	0.206522267663462	0.245799508752832	0.1653778572184	"DEAF1"	1
"GO:0009416"	"GO:0009416"	"response to light stimulus"	"1/14"	"319/18862"	0.212490962537857	0.252129949433299	0.169637079379973	"BEST1"	1
"GO:0045930"	"GO:0045930"	"negative regulation of mitotic cell cycle"	"1/14"	"321/18862"	0.213679687297149	0.252767434973457	0.170065989889901	"BRCA1"	1
"GO:0046394"	"GO:0046394"	"carboxylic acid biosynthetic process"	"1/14"	"327/18862"	0.217235872029389	0.255416722264858	0.17184847292915	"BRCA1"	1
"GO:0050863"	"GO:0050863"	"regulation of T cell activation"	"1/14"	"327/18862"	0.217235872029389	0.255416722264858	0.17184847292915	"RARA"	1
"GO:0048545"	"GO:0048545"	"response to steroid hormone"	"1/14"	"330/18862"	0.219008358601397	0.255949527522115	0.172206952863496	"BRCA1"	1
"GO:1903037"	"GO:1903037"	"regulation of leukocyte cell-cell adhesion"	"1/14"	"330/18862"	0.219008358601397	0.255949527522115	0.172206952863496	"RARA"	1
"GO:0001701"	"GO:0001701"	"in utero embryonic development"	"1/14"	"335/18862"	0.221954223073486	0.25706936881347	0.172960400069833	"KRT8"	1
"GO:0016053"	"GO:0016053"	"organic acid biosynthetic process"	"1/14"	"335/18862"	0.221954223073486	0.25706936881347	0.172960400069833	"BRCA1"	1
"GO:0045765"	"GO:0045765"	"regulation of angiogenesis"	"1/14"	"335/18862"	0.221954223073486	0.25706936881347	0.172960400069833	"BRCA1"	1
"GO:0000209"	"GO:0000209"	"protein polyubiquitination"	"1/14"	"337/18862"	0.223129677178739	0.25766165102783	0.173358897056163	"BRCA1"	1
"GO:1901342"	"GO:1901342"	"regulation of vasculature development"	"1/14"	"341/18862"	0.225475639981506	0.259598066210161	0.174661748291155	"BRCA1"	1
"GO:0010639"	"GO:0010639"	"negative regulation of organelle organization"	"1/14"	"346/18862"	0.228398842850809	0.262185653923414	0.176402718863285	"BRCA1"	1
"GO:2001233"	"GO:2001233"	"regulation of apoptotic signaling pathway"	"1/14"	"348/18862"	0.229565252856367	0.262747251056845	0.176780570434339	"BRCA1"	1
"GO:0010038"	"GO:0010038"	"response to metal ion"	"1/14"	"352/18862"	0.231893162596965	0.263716687722309	0.177432822992764	"ZACN"	1
"GO:0051052"	"GO:0051052"	"regulation of DNA metabolic process"	"1/14"	"353/18862"	0.232474118605806	0.263716687722309	0.177432822992764	"BRCA1"	1
"GO:0051251"	"GO:0051251"	"positive regulation of lymphocyte activation"	"1/14"	"356/18862"	0.234214539445307	0.263716687722309	0.177432822992764	"RARA"	1
"GO:0022412"	"GO:0022412"	"cellular process involved in reproduction in multicellular organism"	"1/14"	"357/18862"	0.234793864877478	0.263716687722309	0.177432822992764	"DEAF1"	1
"GO:0030900"	"GO:0030900"	"forebrain development"	"1/14"	"357/18862"	0.234793864877478	0.263716687722309	0.177432822992764	"CCDC85C"	1
"GO:0051098"	"GO:0051098"	"regulation of binding"	"1/14"	"357/18862"	0.234793864877478	0.263716687722309	0.177432822992764	"RARA"	1
"GO:0030098"	"GO:0030098"	"lymphocyte differentiation"	"1/14"	"358/18862"	0.235372783326098	0.263716687722309	0.177432822992764	"RARA"	1
"GO:0010948"	"GO:0010948"	"negative regulation of cell cycle process"	"1/14"	"359/18862"	0.2359512950551	0.263716687722309	0.177432822992764	"BRCA1"	1
"GO:0009913"	"GO:0009913"	"epidermal cell differentiation"	"1/14"	"360/18862"	0.236529400328257	0.263716687722309	0.177432822992764	"KRT8"	1
"GO:0042692"	"GO:0042692"	"muscle cell differentiation"	"1/14"	"362/18862"	0.237684392561357	0.26424511264701	0.177788355769014	"KRT8"	1
"GO:0007159"	"GO:0007159"	"leukocyte cell-cell adhesion"	"1/14"	"366/18862"	0.239989511146153	0.265923458966294	0.178917574128163	"RARA"	1
"GO:0001818"	"GO:0001818"	"negative regulation of cytokine production"	"1/14"	"367/18862"	0.240564778600951	0.265923458966294	0.178917574128163	"RARA"	1
"GO:0050678"	"GO:0050678"	"regulation of epithelial cell proliferation"	"1/14"	"374/18862"	0.244580343630351	0.269594242410727	0.181387336185188	"DEAF1"	1
"GO:0006909"	"GO:0006909"	"phagocytosis"	"1/14"	"381/18862"	0.24857618524801	0.273222549224442	0.183828519282858	"RARA"	1
"GO:0006631"	"GO:0006631"	"fatty acid metabolic process"	"1/14"	"392/18862"	0.254815730631748	0.279289557867566	0.187910500138786	"BRCA1"	1
"GO:0034470"	"GO:0034470"	"ncRNA processing"	"1/14"	"400/18862"	0.25932332633165	0.282879243824122	0.190325698503478	"MTO1"	1
"GO:0002696"	"GO:0002696"	"positive regulation of leukocyte activation"	"1/14"	"401/18862"	0.25988499210087	0.282879243824122	0.190325698503478	"RARA"	1
"GO:0019216"	"GO:0019216"	"regulation of lipid metabolic process"	"1/14"	"402/18862"	0.260446262352243	0.282879243824122	0.190325698503478	"BRCA1"	1
"GO:0002683"	"GO:0002683"	"negative regulation of immune system process"	"1/14"	"403/18862"	0.261007137342875	0.282879243824122	0.190325698503478	"RARA"	1
"GO:0048608"	"GO:0048608"	"reproductive structure development"	"1/14"	"405/18862"	0.262127702569584	0.283025278760771	0.19042395315429	"KRT8"	1
"GO:0061458"	"GO:0061458"	"reproductive system development"	"1/14"	"408/18862"	0.26380559237299	0.283025278760771	0.19042395315429	"KRT8"	1
"GO:0006816"	"GO:0006816"	"calcium ion transport"	"1/14"	"409/18862"	0.264364101189874	0.283025278760771	0.19042395315429	"BEST1"	1
"GO:1903131"	"GO:1903131"	"mononuclear cell differentiation"	"1/14"	"411/18862"	0.265479938683718	0.283025278760771	0.19042395315429	"RARA"	1
"GO:0048568"	"GO:0048568"	"embryonic organ development"	"1/14"	"412/18862"	0.266037267872295	0.283025278760771	0.19042395315429	"KRT8"	1
"GO:0050867"	"GO:0050867"	"positive regulation of cell activation"	"1/14"	"412/18862"	0.266037267872295	0.283025278760771	0.19042395315429	"RARA"	1
"GO:0048732"	"GO:0048732"	"gland development"	"1/14"	"413/18862"	0.266594204362798	0.283025278760771	0.19042395315429	"DEAF1"	1
"GO:0043588"	"GO:0043588"	"skin development"	"1/14"	"415/18862"	0.267706900271142	0.283025278760771	0.19042395315429	"KRT8"	1
"GO:1903706"	"GO:1903706"	"regulation of hemopoiesis"	"1/14"	"415/18862"	0.267706900271142	0.283025278760771	0.19042395315429	"RARA"	1
"GO:0030099"	"GO:0030099"	"myeloid cell differentiation"	"1/14"	"419/18862"	0.269927590939548	0.284597568708002	0.191481815082975	"RARA"	1
"GO:0043161"	"GO:0043161"	"proteasome-mediated ubiquitin-dependent protein catabolic process"	"1/14"	"425/18862"	0.273246904622345	0.286539997279648	0.192788712222878	"PCNP"	1
"GO:0045785"	"GO:0045785"	"positive regulation of cell adhesion"	"1/14"	"425/18862"	0.273246904622345	0.286539997279648	0.192788712222878	"RARA"	1
"GO:0050673"	"GO:0050673"	"epithelial cell proliferation"	"1/14"	"428/18862"	0.2749013012801	0.287497856864363	0.193433175535437	"DEAF1"	1
"GO:0042391"	"GO:0042391"	"regulation of membrane potential"	"1/14"	"431/18862"	0.276552200271737	0.287673602427437	0.193551419972882	"ZACN"	1
"GO:0051656"	"GO:0051656"	"establishment of organelle localization"	"1/14"	"431/18862"	0.276552200271737	0.287673602427437	0.193551419972882	"RMDN1"	1
"GO:0000280"	"GO:0000280"	"nuclear division"	"1/14"	"436/18862"	0.279295944536514	0.288774709122985	0.194292262242269	"RMDN1"	1
"GO:0022407"	"GO:0022407"	"regulation of cell-cell adhesion"	"1/14"	"437/18862"	0.279843532552171	0.288774709122985	0.194292262242269	"RARA"	1
"GO:0062012"	"GO:0062012"	"regulation of small molecule metabolic process"	"1/14"	"437/18862"	0.279843532552171	0.288774709122985	0.194292262242269	"BRCA1"	1
"GO:1901990"	"GO:1901990"	"regulation of mitotic cell cycle phase transition"	"1/14"	"439/18862"	0.280937549761445	0.289134666597986	0.194534447412644	"BRCA1"	1
"GO:0016570"	"GO:0016570"	"histone modification"	"1/14"	"448/18862"	0.285841556390804	0.293403502327069	0.197406588651961	"BRCA1"	1
"GO:0016569"	"GO:0016569"	"covalent chromatin modification"	"1/14"	"461/18862"	0.292870314445173	0.29982501848213	0.201727087855584	"BRCA1"	1
"GO:0008544"	"GO:0008544"	"epidermis development"	"1/14"	"463/18862"	0.293945942767579	0.300134278404792	0.201935162898503	"KRT8"	1
"GO:0002697"	"GO:0002697"	"regulation of immune effector process"	"1/14"	"465/18862"	0.295020051634787	0.300440367544088	0.202141104587449	"RARA"	1
"GO:0042110"	"GO:0042110"	"T cell activation"	"1/14"	"474/18862"	0.299834791353114	0.304544238337718	0.20490225476873	"RARA"	1
"GO:1901987"	"GO:1901987"	"regulation of cell cycle phase transition"	"1/14"	"478/18862"	0.301964859175206	0.305906959164438	0.205819115227294	"BRCA1"	1
"GO:0010498"	"GO:0010498"	"proteasomal protein catabolic process"	"1/14"	"483/18862"	0.304618982126066	0.306998187137478	0.206553310933517	"PCNP"	1
"GO:0001501"	"GO:0001501"	"skeletal system development"	"1/14"	"486/18862"	0.306206954696402	0.306998187137478	0.206553310933517	"DEAF1"	1
"GO:0030001"	"GO:0030001"	"metal ion transport"	"1/14"	"486/18862"	0.306206954696402	0.306998187137478	0.206553310933517	"BEST1"	1
"GO:0048285"	"GO:0048285"	"organelle fission"	"1/14"	"486/18862"	0.306206954696402	0.306998187137478	0.206553310933517	"RMDN1"	1
"GO:0034660"	"GO:0034660"	"ncRNA metabolic process"	"1/14"	"492/18862"	0.309372802960499	0.309372802960499	0.208150990597406	"MTO1"	1
